80117498,TV Show,Marvel's The Punisher,,"Jon Bernthal, Ebon Moss-Bachrach, Ben Barnes, Amber Rose Revah, Jason R. Moore, Daniel Webber, Jaime Ray Newman, Michael Nathanson, Deborah Ann Woll, Paul Schulze",United States," January 18, 2019",2019,TV-MA,2 Seasons,"Crime TV Shows, TV Action & Adventure, TV Thrillers",A former Marine out to punish the criminals responsible for his family's murder finds himself ensnared in a military conspiracy.
80213025,TV Show,The World's Most Extraordinary Homes,,"Piers Taylor, Caroline Quentin",United Kingdom," January 18, 2019",2019,TV-G,3 Seasons,"British TV Shows, Docuseries, International TV Shows",Award-winning architect Piers Taylor and actress/property enthusiast Caroline Quentin travel the world to tour unconventional homes in extreme places.
80141782,TV Show,Hip-Hop Evolution,,Shad Kabango,Canada," January 17, 2020",2019,TV-MA,3 Seasons,"Docuseries, International TV Shows","Interviews with influential MCs, DJs and moguls trace the genre's dynamic evolution from the 1970s through the 1990s in this documentary series."
80082647,TV Show,Friday Night Tykes,,,United States," January 17, 2018",2017,TV-PG,4 Seasons,"Docuseries, Reality TV","This docuseries dives into the cutthroat world of Texas youth football, where kids face grueling demands and pressure from coaches and parents to win."
80126991,TV Show,Yunus Emre,,"Gökhan Atalay, Payidar Tüfekçioglu, Baran Akbulut, Mehmet Çepiç, Seda Tosun, Mehmet Ali Tuncer, Asuman Çakır, Müge Uyar, Rüzgar Aksoy, Ergun Taş, Sedat Erdiş, Ahmet Talay, Umut Tanyolu, Murat Ercanlı, Birand Tunca, Atilla Kiliç, Saygin Asan, Emrah Girgin",Turkey," January 17, 2017",2016,TV-PG,2 Seasons,"International TV Shows, TV Dramas","During the Mongol invasions, Yunus Emre leaves his home to travel across the Ottoman Empire, defying hardships and temptations to become a dervish."
81011059,TV Show,Booba,,Roman Karev,Russia," January 16, 2020",2019,TV-Y,3 Seasons,"Kids' TV, TV Comedies","The world is a mystery to little Booba. But he approaches the curiosities around him with wonder, finding adventure in his everyday surroundings."
70205024,TV Show,Soul Eater,,"Chiaki Omigawa, Laura Bailey, Emiri Kato, Kouki Uchiyama, Micah Solusod, Yumiko Kobayashi, Brittney Karbowski, Mamoru Miyano, Todd Haberkorn, Kaori Nazuka, Monica Rial, Akeno Watanabe, Jamie Marchi, Narumi Takahira, Cherami Leigh, Houko Kuwashima",Japan," January 16, 2020",2009,TV-14,4 Seasons,"Anime Series, International TV Shows","Maka and the other students at the Death Weapon Meister Academy must kill 99 evil humans and one witch, absorbing their spirits when they die."
70285368,TV Show,Rita,,"Mille Dinesen, Carsten Bjørnlund, Lise Baastrup, Nikolaj Groth, Ellen Hillingsø, Morten Vang Simonsen, Lykke Sand Michelsen, Carsten Norgaard, Sara Hjort Ditlevsen, Alexandre Willaume",Denmark," January 16, 2018",2017,TV-MA,4 Seasons,"International TV Shows, TV Comedies, TV Dramas","Independent, outspoken and adored by her students, schoolteacher Rita fares less well with adults in this comedy-drama from Denmark."
80017537,TV Show,Grace and Frankie,,"Jane Fonda, Lily Tomlin, Martin Sheen, Sam Waterston, June Diane Raphael, Brooklyn Decker, Ethan Embry, Baron Vaughn",United States," January 15, 2020",2019,TV-MA,5 Seasons,"TV Comedies, TV Dramas","They’re not friends, but when their husbands leave them for each other, proper Grace and eccentric Frankie begin to bond in this Emmy-nominated series."
70180293,TV Show,The Cat in the Hat Knows a Lot About That!,Tony Collingwood,"Martin Short, Alexa Torrington, Jacob Ewaniuk, Robert Tinkler, Tracey Hoyt","Canada, United Kingdom, United States"," January 15, 2017",2014,TV-Y,2 Seasons,Kids' TV,"The Cat in the Hat is back – and this time, he's teaching Sally and her brother, Nick, some awfully nifty things to think about!"
70143842,TV Show,Parks and Recreation,,"Amy Poehler, Rashida Jones, Aziz Ansari, Nick Offerman, Aubrey Plaza, Chris Pratt, Jim O'Heir, Retta, Adam Scott, Rob Lowe, Paul Schneider",United States," January 13, 2016",2015,TV-14,7 Seasons,TV Comedies,"In this Emmy-nominated comedy, an employee with a rural Parks and Recreation department is full of energy and ideas but bogged down by bureaucracy."
80158104,TV Show,Taken,,"Clive Standen, Jennifer Beals, Gaius Charles, Brooklyn Sudano, Monique Gabriela Curnen, Michael Irby, James Landry Hébert, Jose Pablo Cantillo, James Landry Hebert","France, United States"," January 12, 2019",2018,TV-14,2 Seasons,"Crime TV Shows, TV Action & Adventure, TV Thrillers","After a personal tragedy upends his life, a highly skilled former Green Beret is drawn into a career as a secret government operative."
80117694,TV Show,Disjointed,,"Kathy Bates, Aaron Moten, Tone Bell, Dougie Baldwin, Elizabeth Ho, Elizabeth Alderfer, Chris Redd, Betsy Sodaro, Nicole Sullivan, Michael Trucco",United States," January 12, 2018",2018,TV-MA,2 Seasons,TV Comedies,Pot activist Ruth Whitefeather Feldman runs a medical marijuana dispensary while encouraging her loyal patients to chill out and enjoy the high life.
80117485,TV Show,Friends from College,,"Keegan-Michael Key, Cobie Smulders, Billy Eichner, Fred Savage, Nat Faxon, Annie Parisse, Jae Suh Park",United States," January 11, 2019",2019,TV-MA,2 Seasons,"Romantic TV Shows, TV Comedies","Twenty years after graduation, a tight-knit group of college friends reconnects and discovers that love hasn't gotten easier with age."
81033895,TV Show,Hardy Bucks,,"Martin Maloney, Owen Colgan, Chris Tordoff, Peter Cassidy, Tom Kilgallon, Michael Salmon, Wayne Lynch, Tommy Miller",Ireland," January 11, 2019",2018,TV-MA,4 Seasons,TV Comedies,"A circle of young men entertain vague ambitions involving quick cash, women and showbiz in this mockumentary on small-town Irish life in County Mayo."
70301529,TV Show,Horrid Henry,,"Lizzie Waterworth, Joanna Ruiz, Emma Tate, Sue Elliot Nicholls, Tamsin Heatley, Wayne Forester, Aidan Cook, Stephanie Anne Mills, David Holt",United Kingdom," January 11, 2019",2019,TV-G,2 Seasons,"British TV Shows, Kids' TV, TV Comedies","To his family's frustration, Henry is skilled at making trouble, from babysitting pets in his bedroom to starting a shark panic at the swimming pool."
80153272,TV Show,Sin Senos sí Hay Paraíso,,"Majida Issa, Fabián Ríos, Catherine Siachoque, Carolina Gaitán, Juan Pablo Urrego, Francisco Bolívar, Johanna Fadul, Jennifer Arenas, Luigi Aycardi, Juan Pablo Llano, César Mora, Julián Beltrán, Stefanía Gómez, Diana Acevedo, Joselyn Gallardo, Jairo Ordoñez, Oscar Salazar, Gregorio Pernía, Carolina Sepúlveda","United States, Colombia"," January 11, 2019",2018,TV-MA,3 Seasons,"International TV Shows, Spanish-Language TV Shows, TV Dramas","Born into a small town controlled by the mafia, an irate young woman seeks revenge on the forces that tore apart and wrongfully imprisoned her family."
80178941,TV Show,Harvey Street Kids,,"Lauren Lapkus, Stephanie Lemelin, Kelly McCreary, Atticus Shaffer, Danny Pudi, Grey Griffin, Utkarsh Ambudkar, Roger Craig Smith",United States," January 10, 2020",2019,TV-Y7,3 Seasons,"Kids' TV, TV Comedies","Kids rule in a place called Harvey Street, where a trio of girls right wrongs, ice cream is always an option, and every day feels like Saturday."
70288470,TV Show,Pocoyo,,"Stephen Fry, Alex Marty","Spain, United Kingdom"," January 10, 2019",2017,TV-Y,4 Seasons,"Kids' TV, Spanish-Language TV Shows",Discovery is the name of the game for friendly toddler Pocoyo in this lifelike and richly colored animated adventure series for preschoolers.
70267476,TV Show,Saint Seiya,,"Toru Furuya, Hirotaka Suzuoki, Ryo Horikawa, Koichi Hashimoto, Hideyuki Hori, Keiko Han, Yuriko Yamamoto, Kohei Miyauchi, Mami Koyama",Japan," January 1, 2020",1986,TV-PG,3 Seasons,Anime Series,A band of young warriors in magical armor vow to defend the reincarnation of Greek goddess Athena against evil forces and to return her to the throne.
80107514,TV Show,Border Security: America's Front Line,,,Canada," January 1, 2020",2018,TV-14,2 Seasons,"Crime TV Shows, International TV Shows, Reality TV",This reality series chronicles the behind-the-scenes action as U.S. Customs and Border Protection agents safeguard the nation's crossings and ports.
70302614,TV Show,Mia and Me,,"Rosabell Laurenti Sellers, Adrian Moore, Saphia Stoney, Josephine Benini, Andrew Craig, Tajja Isen, Rod Wilson, Linda Ballantyne, Jonathan Wilson, Elizabeth Hanna, Norma Dell'Agnese","Netherlands, Germany, Italy, Canada"," January 1, 2020",2015,TV-Y,2 Seasons,Kids' TV,"A mysterious gift from her late parents sends 12-year-old Mia into an enchanted world of elves, unicorns and an evil queen named Panthea."
80016571,TV Show,Rurouni Kenshin,,"Mayo Suzukaze, Miki Fujitani, Miina Tominaga, Yuji Ueda, Mika Doi, Yoshito Yasuhara, Hirotaka Suzuoki, Tomo Sakurai, Shuichi Ikeda",Japan," January 1, 2020",1998,TV-14,3 Seasons,"Anime Series, International TV Shows","A nomadic swordsman arrives at a martial arts school in Meiji-era Japan, where he lands in the middle of a conflict involving the opium trade."
80050008,TV Show,A Series of Unfortunate Events,,"Neil Patrick Harris, Patrick Warburton, Malina Weissman, Louis Hynes, K. Todd Freeman, Joan Cusack, Aasif Mandvi",United States," January 1, 2019",2019,TV-PG,3 Seasons,"Kids' TV, TV Action & Adventure, TV Comedies","The extraordinary Baudelaire orphans face trials, tribulations and the evil Count Olaf in their fateful quest to unlock long-held family secrets."
81008236,TV Show,COMEDIANS of the world,,"Neal Brennan, Chris D'Elia, Nicole Byer, Nick Swardson, DeAnne Smith, Ivan Decker, Dave Merheje, K. Trevor Wilson, Joel Dommett, Mae Martin, Nish Kumar, Ellie Taylor, Urzila Carlson, Joel Creasey, Nazeem Hussain, Cal Wilson, Riaad Moosa, Tumi Morake, Loyiso Gola, Loyiso Madinga, Atul Khatri, Aditi Mittal, Amit Tandon, Franco Escamilla, Hugo El Cojo Feliz, Gaby Llanas, Enissa Amani, Ilka Bessin, Kaya Yanar, Thiago Ventura, Mhel Merrer, Afonso Padilha, Shirley Souagnon, Jason Brokerss, Tania Dutel, Donel Jack'sman, Ibraheem Alkhairallah, Rawsan Hallak, Adi Khalefa, Moayad Alnefaie, Louis-José Houde, François Bellefeuille, Katherine Levac, Adib Alkhalidey, Martijn Koning, Soundos El Ahmadi, Rayen Panday",United States," January 1, 2019",2019,TV-MA,13 Seasons,"Stand-Up Comedy & Talk Shows, TV Comedies",This global stand-up comedy series features a diverse set of comics from 13 regions bringing their perspectives on what's funny around the world.
80226864,TV Show,The Paper,,"Branka Katić, Trpimir Jurkic, Aleksandar Cvetković, Zijad Gračić, Olga Pakalović, Goran Markovic, Edita Karađole, Zdenko Jelcic, Tihana Lazovic, Mijo Jurišić, Dajana Čuljak, Alen Liverić, Anja Matković, Dragan Despot",Croatia," January 1, 2019",2018,TV-MA,2 Seasons,"International TV Shows, TV Dramas",A construction magnate takes over a struggling newspaper and attempts to wield editorial influence for power and personal gain.
70136126,TV Show,Dexter,,"Michael C. Hall, Jennifer Carpenter, David Zayas, James Remar, C.S. Lee, Lauren Vélez, Desmond Harrington, Julie Benz, Christina Robinson, Geoff Pierson",United States," January 1, 2018",2013,TV-MA,8 Seasons,"Crime TV Shows, TV Dramas, TV Mysteries","By day, mild-mannered Dexter is a blood-spatter analyst for the Miami police. But at night, he is a serial killer who only targets other murderers."
70204981,TV Show,Fullmetal Alchemist: Brotherhood,Yasuhiro Irie,"Romi Park, Rie Kugimiya, Megumi Takamoto, Shinichiro Miki, Fumiko Orikasa, Kenji Utsumi, Keiji Fujiwara, Yuji Ueda, Biichi Sato, Tetsuya Kakihara, Kenji Hamada, Kaori Nazuka, Hidekatsu Shibata, Kenta Miyake, Kikuko Inoue, Tetsu Shiratori, Minami Takayama, Hiroyuki Yoshino, Yoko Soumi, Kazuya Nakai, Ryuzaburo Otomo",Japan," January 1, 2018",2010,TV-14,5 Seasons,"Anime Series, International TV Shows",After both suffer physical damage – brothers Edward and Alphonse battle nefarious forces to try to reclaim their bodies in this supernatural anime.
80020971,TV Show,Huntik: Secrets and Seekers,,"Yuri Lowenthal, Drew Aaron, Karen Strassman, Marc Thompson, Rebecca Soler, Mike Pollock","United States, Italy"," January 1, 2018",2011,TV-Y7,2 Seasons,Kids' TV,"A high school student searching for his missing father joins a secret group known as the Seekers, who ally with aliens to protect the world from evil."
80041601,TV Show,Lovesick,,"Johnny Flynn, Antonia Thomas, Daniel Ings, Hannah Britland, Joshua McGuire, Richard Thomson, Jessica Ellerby",United Kingdom," January 1, 2018",2018,TV-MA,3 Seasons,"British TV Shows, International TV Shows, Romantic TV Shows","In his quest for true love, Dylan found chlamydia. Joined by friends Evie and Luke, he relives past encounters as he notifies all his former partners."
70157196,TV Show,The Inbetweeners,,"Simon Bird, James Buckley, Blake Harrison, Joe Thomas, Greg Davies, Emily Head, Martin Trenaman, Belinda Stewart-Wilson, Robin Weaver, Henry Lloyd-Hughes",United Kingdom," January 1, 2018",2010,TV-MA,3 Seasons,"British TV Shows, TV Comedies",This rib-tickling series follows four English lads as they try – and fail spectacularly – to navigate the wretched no-man's land of adolescence.
70158330,TV Show,Star Trek: Deep Space Nine,,"Avery Brooks, Nana Visitor, Rene Auberjonois, Cirroc Lofton, Alexander Siddig, Colm Meaney, Armin Shimerman, Terry Farrell, Michael Dorn",United States," January 1, 2017",1999,TV-PG,7 Seasons,"TV Action & Adventure, TV Sci-Fi & Fantasy","In this ""Star Trek"" spin-off, Commander Sisko leads the multi-species crew of Deep Space Nine, a Federation space station with a complex mission."
70184127,TV Show,Big Bad Beetleborgs,,"Wesley Barker, Herbie Baez, Elisabeth Lund, Shannon Chandler, Billy Forester, Frank Addela, Kyle Jordan, Dave 'Foots' Footman, Derek Stephen Prince, Vivian Smallwood","United States, France, Japan"," January 1, 2016",1997,TV-Y7-FV,2 Seasons,"Kids' TV, TV Comedies","When three teens free a spirit that offers to grant each a wish, they choose to become their favorite superheroes, launching a series of adventures."
70184128,TV Show,Mighty Morphin Power Rangers,,"Austin St. John, Thuy Trang, Walter Jones, Amy Jo Johnson, David Yost, Jason David Frank, Johnny Yong Bosch, Karan Ashley, Steve Cardenas, Catherine Sutherland, Paul Schrier, Jason Narvy, David Fielding, Richard Steven Horvitz, Barbara Goodson","United States, Japan"," January 1, 2016",2010,TV-Y7-FV,4 Seasons,Kids' TV,"Five average teens are chosen by an intergalactic wizard to become the Power Rangers, who must use their new powers to fight the evil Rita Repulsa."
70136120,TV Show,The Office (U.S.),,"Steve Carell, John Krasinski, Jenna Fischer, Rainn Wilson, B.J. Novak, Ed Helms, Brian Baumgartner, David Denman, Creed Bratton, Kate Flannery, Mindy Kaling, Angela Kinsey, Paul Lieberstein, Oscar Nuñez, Phyllis Smith",United States," January 1, 2016",2012,TV-14,9 Seasons,TV Comedies,This hit comedy chronicles the foibles of disgruntled office workers – led by deluded boss Michael Scott – at the Dunder Mifflin paper company.
70184126,TV Show,V.R. Troopers,,"Michael Sorich, Gardner Baldwin, Mike Reynolds, Richard Rabago, Brad Hawkins, Michael Bacon, Kerrigan Mahan, Sarah Brown, Julian Combs, David Carr, Farrand Thompson, Zeb, Aaron Pruner",United States," January 1, 2016",1995,TV-Y7-FV,2 Seasons,Kids' TV,Three friends who study martial arts find themselves defending humanity from a criminal mastermind and his invading army from another dimension.
80142550,TV Show,The Break,,"Yoann Blanc, Guillaume Kerbush, Anne Coesens, Jasmina Douieb, Tom Audenaert, Sam Louwyck, Catherine Salée, Jean-Henri Compère",Belgium," February 9, 2019",2018,TV-MA,2 Seasons,"Crime TV Shows, International TV Shows, TV Dramas","A police detective mourning a painful loss moves back to his peaceful hometown, only to be drawn into a murder case that dredges up dark secrets."
80117038,TV Show,Big Mouth,,"Nick Kroll, John Mulaney, Jessi Klein, Jason Mantzoukas, Jenny Slate, Fred Armisen, Maya Rudolph, Jordan Peele",United States," February 8, 2019",2019,TV-MA,3 Seasons,TV Comedies,Teenage friends find their lives upended by the wonders and horrors of puberty in this edgy comedy from real-life pals Nick Kroll and Andrew Goldberg.
81031262,TV Show,Man Like Mobeen,,,United Kingdom," February 8, 2019",2019,TV-MA,2 Seasons,"British TV Shows, TV Comedies","Mobeen is trying to be a good friend, follow the faith and raise his teenage sister. Yet his past – and everyday life – complicates matters."
80095532,TV Show,One Day at a Time,,"Justina Machado, Rita Moreno, Todd Grinnell, Isabella Gomez, Marcel Ruiz, Stephen Tobolowsky",United States," February 8, 2019",2019,TV-PG,3 Seasons,TV Comedies,"In a reimagining of the TV classic, a newly single Latina mother raises her teen daughter and tween son with the ""help"" of her old-school mom."
70180051,TV Show,H2O: Just Add Water,,"Cariba Heine, Phoebe Tonkin, Angus McLaren, Burgess Abernethy, Claire Holt, Alan David Lee, Cleo Massey, Jamie Timony",Australia," February 8, 2017",2009,TV-PG,3 Seasons,"Kids' TV, TV Dramas",The gals in this fantasy series cope with the burden of growing a giant fin and transforming into mermaids whenever they come in contact with water.
80046348,TV Show,Care Bears & Cousins,,"Michael Sinterniklaas, Michaela Dean, Doug Erholtz, Braeden Fox, Olivia Hack, David Lodge, Nayo Wallace, Ryan Wiesbrock",United States," February 5, 2016",2016,TV-Y,2 Seasons,Kids' TV,"The whole huggable gang is back, bringing tales of caring and sharing to a new generation. And now the Care Bear Cousins are here to join the fun!"
70271773,TV Show,Turbo FAST,,"Reid Scott, John Eric Bentley, Amir Talai, Phil LaMarr, Grey DeLisle, Michael Patrick Bell, Eric Bauza",United States," February 5, 2016",2016,TV-Y7-FV,3 Seasons,Kids' TV,"Join Turbo and his posse, the Fast Action Stunt Team. Filled with comedy, action and fun, this series amps it up to the extreme."
80108450,TV Show,El Vato,,"El Dasa, Cristina Rodlo, Ricardo Polanco, Gustavo Egelhaaf, Mauricio Martínez, Itatí Cantoral, Arcelia Ramírez, Horacio Castelo, Fátima Molina, Leonardo Daniel, Giancarlo Vidrio, Mónica Dionne, Sebastián Ferrat, Mauricio Isaac, Aldo Gallardo, Julio Casado, Arnulfo Reyes Sanchez, José María de Tavira, Pablo Bracho, Patricio Sebastián",United States," February 24, 2018",2017,TV-MA,2 Seasons,"International TV Shows, Spanish-Language TV Shows, TV Comedies","Regional Mexican singer El Vato and his friends struggle to succeed in the enticing but deceptive music world in Los Angeles, California."
80136321,TV Show,Babylon Berlin,,"Volker Bruch, Liv Lisa Fries, Peter Kurth, Leonie Benesch, Matthias Brandt, Severija Janusauskaite, Fritzi Haberlandt, Ivan Shvedoff, Lars Eidinger, Anton von Lucke, Misel Maticevic",Germany," February 23, 2019",2017,TV-MA,2 Seasons,"Crime TV Shows, International TV Shows, TV Dramas",A Soviet freight train's hijacking leads a haunted cop and a poor typist to uncover a political conspiracy amid the vice and glamour of 1929 Berlin.
80037278,TV Show,Marseille,,"Gérard Depardieu, Benoît Magimel, Géraldine Pailhas, Nadia Farès, Stéphane Caillard, Jean-René Privat, Pascal Elso, Gérard Meylan",France," February 23, 2018",2018,TV-MA,2 Seasons,"International TV Shows, TV Dramas, TV Thrillers",The longtime mayor of Marseille is preparing to hand over the reins to his protégé when a sudden and ruthless battle erupts for control of the city.
80007945,TV Show,Chef's Table,,,United States," February 22, 2019",2019,TV-MA,6 Seasons,"Docuseries, Reality TV","In this Emmy-nominated docuseries, find out what's inside the kitchens and minds of the international culinary stars who are redefining gourmet food."
80094273,TV Show,Rebellion,,"Charlie Murphy, Ruth Bradley, Sarah Greene, Brian Gleeson, Michelle Fairley, Ian McElhinney, Michael Ford-FitzGerald, Paul Reid, Barry Ward, Tom Turner, Perdita Weeks, Andrew Simpson, Sophie Robinson",Ireland," February 22, 2019",2016,TV-MA,2 Seasons,"International TV Shows, TV Dramas","As World War I rages, three women and their families in Dublin choose sides in the violent Easter Rising revolt against British rule."
80081537,TV Show,Suburra: Blood on Rome,,"Alessandro Borghi, Giacomo Ferrara, Eduardo Valdarnini, Francesco Acquaroli, Filippo Nigro, Claudia Gerini, Adamo Dionisi, Barbara Chichiarelli, Federico Tocci, Gerasimos Skiadaresis, Elisabetta De Palo, Carlotta Antonelli, Renato Marchetti, Paola Sotgiu",Italy," February 22, 2019",2019,TV-MA,2 Seasons,"Crime TV Shows, International TV Shows, TV Dramas","In 2008, a fight over land in a seaside town near Rome spirals into a deadly battle between organized crime, corrupt politicians and the Vatican."
80186090,TV Show,The Big Family Cooking Showdown,,"Zoe Ball, Nadiya Hussain, Giorgio Locatelli, Rosemary Shrager",United Kingdom," February 22, 2019",2018,TV-PG,2 Seasons,"British TV Shows, International TV Shows, Reality TV","In this unscripted series, families passionate about food serve up their most delicious dishes for the chance to be crowned Britain's best home cooks."
81041002,TV Show,Z4,,"Apollo Costa, Gabriel Santana, Matheus Lustosa, Pedro Rezende, Werner Schünemann, Manu Gavassi, Angela Dippe, Negra Li, Patrícia de Sabrit, César Pezzuoli, Carol Loback, Marina Brandão",Brazil," February 22, 2019",2018,TV-PG,2 Seasons,Kids' TV,Fading music biz veteran Zé realizes he has just one more chance at redemption: He must assemble a hit boy band from a ragtag group of pop newbies.
80126684,TV Show,Love Me As I Am,,"Alper Saldıran, Zeynep Çamcı, Burcu Altın, Umut Kurt, Eda Ece, Ozan Osmanpaşaoğlu, Mert Turak, Burcu Biricik, Yusuf Akgün, Selen Uçer",," February 22, 2017",2015,TV-14,3 Seasons,"International TV Shows, Romantic TV Shows, TV Comedies","After wealthy college boy Ömer and lower class college girl Aysem fall in love and quickly marry, they learn that love and life aren't always perfect."
70272479,TV Show,Bates Motel,,"Vera Farmiga, Freddie Highmore, Max Thieriot, Olivia Cooke, Nicola Peltz, Nestor Carbonell, Mike Vogel, Keegan Connor Tracy",United States," February 20, 2018",2017,TV-14,5 Seasons,"Crime TV Shows, TV Dramas, TV Horror","When his father dies, Norman Bates and his mother open a hotel. But Norman's precarious mental state drives them down a dark and violent path."
80161335,TV Show,The Frankenstein Chronicles,,"Sean Bean, Tom Ward, Richie Campbell, Vanessa Kirby, Ed Stoppard, Ryan Sampson, Robbie Gee, Anna Maxwell Martin, Elliot Cowan, Charlie Creed-Miles, Eloise Smyth, Samuel West",United Kingdom," February 20, 2018",2017,TV-MA,2 Seasons,"British TV Shows, Crime TV Shows, International TV Shows","A detective tracks what seems to be a killer with a taste for dismemberment in 1827 London, but the case leads in a far more terrifying direction."
80145143,TV Show,Bordertown,,"Ville Virtanen, Matleena Kuusniemi, Anu Sinisalo, Lenita Susi, Kristiina Halttu, Olivia Ainali, Ilkka Villi, Max Bremer, Matti Laine, Jasmin Hamid","Finland, France"," February 2, 2019",2018,TV-MA,2 Seasons,"Crime TV Shows, International TV Shows, TV Dramas",A gifted detective takes a job in a small town so he can spend more time with his family. But he's soon drawn into a web of disturbing murder cases.
80239798,TV Show,Club Friday The Series 8,,"Chutavuth Pattarakampol, Focus Jirakul, Sattaphong Phiangphor, Toni Rakkaen, Paula Taylor, Virithipa Phakdeeprasong, Pakkaramai Potranan",," February 2, 2019",2017,TV-14,8 Seasons,"International TV Shows, Romantic TV Shows, TV Comedies","The eighth installment of this popular Thai series, based on a real-life call-in radio show, dramatizes personal stories of romance and heartbreak."
80039394,TV Show,Dragons: Race to the Edge,,"Jay Baruchel, America Ferrera, T.J. Miller, Christopher Mintz-Plasse, Andree Vermeulen, Zack Pearlman",United States," February 16, 2018",2018,TV-Y7-FV,6 Seasons,"Kids' TV, TV Action & Adventure","From the creators of ""How to Train Your Dragon"" comes an all-new Netflix original series that takes Hiccup and Toothless to the edge of adventure!"
80993816,TV Show,Ugly Duckling,,"Mook Worranit Thawornwong, Puttichai Kasetsin, Natcha Juntapan, Neen Suwanamas, Esther Supreeleela, Shaun Jindachote, Lapassalal Jiravechsoontornkul, Chatchawit Techarukpong",Thailand," February 15, 2019",2015,TV-14,4 Seasons,"International TV Shows, Romantic TV Shows, TV Dramas","Young women face up to their insecurities and circumstances, finding love and laughs along the way. Featuring a different storyline every season."
80192734,TV Show,Barbie Dreamhouse Adventures,,"America Young, Kirsten Day, Cassandra Morris, Cassidy Naber, Ritesh Rajan",United States," February 14, 2019",2018,TV-Y,3 Seasons,Kids' TV,Get to know Barbie and her BFFs – including next-door neighbor Ken – in this animated vlog of adventures filmed inside her family's new dreamhouse.
80215507,TV Show,Velvet Colección,,"Marta Hazas, Asier Etxeandía, Adrián Lastra, Diego Martín, Fernando Guallar, Llorenç González, Megan Montaner, Mónica Cruz, Marta Torné, Andrea Duro, Aitana Sánchez-Gijón, Adriana Ozores, Imanol Arias",Spain," February 14, 2019",2018,TV-14,2 Seasons,"International TV Shows, Romantic TV Shows, Spanish-Language TV Shows","In the late '60s, fashion designer Ana enlists friends Clara, Pedro and Raúl to open a store and design school in Barcelona in this ""Velvet"" spinoff."
81059779,TV Show,Dangerous Roads,,"Adrian Dunbar, Sue Perkins, Charley Boorman, Rhod Gilbert, Greg Davies, Ben Fogle, Hugh Dennis, Ed Byrne, Andy Parsons, Liza Tarbuck, David Baddiel",United Kingdom," February 1, 2019",2012,TV-MA,2 Seasons,"British TV Shows, Docuseries","Using various 4x4 vehicles, celebrities steer their way across some of the most infamous roads and trickiest terrains on earth."
70304718,TV Show,Lego Friends,,"Elisa Schnebelie, Raquel Christiana, Lucia Vecchio, Karen Strassman, Michelle Ruff, Sam Riegel",," February 1, 2019",2017,TV-G,3 Seasons,Kids' TV,"As a way to make friends, new girl in town Olivia volunteers to work at the Heartlake City World Petacular with four other girls."
70252973,TV Show,LEGO Ninjago: Masters of Spinjitzu,,"Vincent Tong, Jillian Michaels, Ian James Corlett, John Novak, Paul Dobson, Michael Adamthwaite, Kelly Metzger, Brent Miller, Kirby Morrow, Brian Drummond, Mark Oliver, Michael Kopsa","Denmark, Singapore, Canada, United States"," February 1, 2019",2018,TV-Y7-FV,9 Seasons,Kids' TV,"Kai, Jay, Cole and Zane must master their elemental powers and Spinjitzu weapons to protect the land of Ninjago, which also has an underworld."
81017061,TV Show,Littlest Pet Shop: A World of Our Own,,"Rhona Rees, Ingrid Nilson, Diana Kaarina, Travis Turner, Lili Beaudoin, Kyle Rideout, Vincent Tong, Alessandro Juliani, Ian Hanlin, Brittney Wilson, Bethany Brown, Tabitha St. Germain",United States," February 1, 2019",2018,TV-Y,2 Seasons,Kids' TV,"In Paw-Tucket, pets of all types form friendships, pursue their passions and have a great time being themselves."
70180088,TV Show,The Garfield Show,,"Frank Welker, Wally Wingert, Gregg Berger","France, United States"," February 1, 2019",2018,TV-Y7,3 Seasons,"Kids' TV, TV Comedies","Lazy, lasagna-loving fat cat Garfield lives life on his own terms, which includes teasing his geeky owner, Jon, and tormenting dimwitted dog Odie."
80178897,TV Show,The Story of God with Morgan Freeman,,Morgan Freeman,United States," February 1, 2019",2017,TV-14,2 Seasons,Docuseries,"Host Morgan Freeman explores religion's role in human history, how our beliefs connect us and possible answers to life's million-dollar questions."
70286901,TV Show,Masha and the Bear,,"Alina Kukushkina, Boris Kutnevich, Giselle Nieto, Elsie Fisher",Russia," February 1, 2018",2018,TV-Y,3 Seasons,Kids' TV,"Lively little Masha lives near the forest, where she has many wonderful adventures with her best friend, a bear who used to be in the circus."
80080436,TV Show,Under Arrest,Dan Forrer,,United States," February 1, 2018",2016,TV-MA,8 Seasons,"Crime TV Shows, Docuseries, International TV Shows","Cameras follow police officers as they solve crimes, assist the public and arrest lawbreakers in this reality series."
80112415,TV Show,The Furchester Hotel,,"Sarah Burgess, Ryan Dillon, Louise Gold, David Rudman, Andrew Spooner, Mak Wilson","United Kingdom, United States"," February 1, 2017",2015,TV-Y,2 Seasons,"British TV Shows, Kids' TV","Elmo hops across the pond to help his extended monster family solve problems at their ""almost"" world-class establishment, the Furchester Hotel."
80008583,TV Show,Larva,,,Russia," February 1, 2016",2015,TV-G,3 Seasons,"Kids' TV, Korean TV Shows, TV Comedies",Two curious worms spend their days investigating the otherworldly objects that fall through the grate into their subterranean world.
70136152,TV Show,Spartacus,,"Andy Whitfield, Liam McIntyre, Dustin Clare, John Hannah, Manu Bennett, Lucy Lawless, Peter Mensah, Nick E. Tarabay, Viva Bianca, Lesley-Ann Brandt, Jai Courtney, Daniel Feuerriegel",United States," February 1, 2015",2013,TV-MA,4 Seasons,"TV Action & Adventure, TV Dramas","A Thracian man is condemned to a brutal death in the arena, only to outlast his executioners and be reborn as the enslaved gladiator Spartacus."
70177084,TV Show,The Borgias,,"Jeremy Irons, François Arnaud, Holliday Grainger, Peter Sullivan, Sean Harris, Joanne Whalley, Lotte Verbeek, Colm Feore, Vernon Dobtcheff, David Oakes","United States, Hungary, Ireland, Canada"," February 1, 2014",2013,TV-MA,3 Seasons,TV Dramas,"Follow the lives of the notorious Borgia family, a clan headed by plotting patriarch Rodrigo and his beautiful but treacherous daughter, Lucrezia."
80152350,TV Show,Neo Yokio,,"Jaden Smith, Jude Law, Tavi Gevinson, Susan Sarandon, Desus Nice, The Kid Mero, Richard Ayoade, Willow Smith, Kiernan Shipka, Jason Schwartzman, Amandla Stenberg, Ray Wise",United States," December 7, 2018",2018,TV-MA,2 Seasons,"TV Comedies, TV Sci-Fi & Fantasy, Teen TV Shows","Joined by his faithful mecha-butler, Kaz Kaan pursues love, fashion and supernatural forces amid Neo Yokio's sinister high society."
80051137,TV Show,Fuller House,,"Candace Cameron Bure, Jodie Sweetin, Andrea Barber, Michael Campion, Elias Harger, Soni Bringas, Dashiell Messitt, Fox Messitt, John Stamos, Bob Saget, Dave Coulier, Lori Loughlin, Scott Weinger, Blake Tuomy-Wilhoit, Dylan Tuomy-Wilhoit, John Brotherton, Juan Pablo Di Pace",United States," December 6, 2019",2018,TV-Y7,4 Seasons,TV Comedies,The Tanner family’s adventures continue as DJ Tanner-Fuller shares a home with her sister Stephanie and friend Kimmy who help raise her three boys.
80140955,TV Show,Greenleaf,,"Merle Dandridge, Kim Hawthorne, Desiree Ross, Lamman Rucker, Tye White, Lynn Whitfield, Deborah Joy Winans, Keith David, Lovie Simone, Gregory Alan Williams, Oprah Winfrey",United States," December 5, 2019",2018,TV-14,3 Seasons,TV Dramas,"Although members of the Greenleaf family run a Memphis megachurch, their business and personal lives are tainted with greed, adultery and other sins."
70304245,TV Show,From Dusk Till Dawn,,"D.J. Cotrona, Zane Holtz, Eiza Gonzalez, Jesse Garcia, Madison Davenport, Brandon Soo Hoo, Wilmer Valderrama, Robert Patrick, Jake Busey, Samantha Esteban, Don Johnson",United States," December 5, 2016",2016,TV-MA,3 Seasons,"Classic & Cult TV, TV Action & Adventure, TV Horror",Bank-robbing brothers encounter vengeful lawmen and demons south of the border in this original series based on Robert Rodriguez' cult horror film.
81224868,TV Show,Robot Trains,,"Bill Rogers, Carrie Savage, Ken Spassione, Angela Mulligan, Mark Szabo, Daniel J. Edwards, Mike Pollock, Anthony Salerno",South Korea," December 31, 2019",2018,TV-Y7,2 Seasons,"Kids' TV, Korean TV Shows","Keeping peace and safety in Train World is no easy task, but for five trains with the power to transform into robots, every crisis is an adventure!"
80092654,TV Show,Occupied,,"Henrik Mestad, Ane Dahl Torp, Ingeborga Dapkunaite, Eldar Skar, Ragnhild Gudbrandsen, Kristin Braut-Solheim","Norway, Sweden"," December 31, 2019",2017,TV-MA,2 Seasons,"International TV Shows, TV Dramas, TV Thrillers","In the near future, Russia initiates a ""silk glove"" invasion of Norway to restart oil production, but soon uncertainty, chaos and danger erupt."
81029570,TV Show,Top Grier,,,United States," December 31, 2018",2018,TV-14,3 Seasons,Reality TV,"Social media star Hayes Grier returns to North Carolina for a reality series packed with action sports, pranks and romantic escapades."
70142362,TV Show,Nurse Jackie,,"Edie Falco, Merritt Wever, Paul Schulze, Peter Facinelli, Stephen Wallem, Eve Best, Dominic Fumusa, Ruby Jerins, Anna Deavere Smith",United States," December 31, 2015",2015,TV-MA,7 Seasons,"TV Comedies, TV Dramas",A flawed but dedicated ER nurse works in a New York City hospital and relies on pain meds to get through exhausting days in this Emmy-winning show.
80174285,TV Show,Alexa & Katie,,"Paris Berelc, Isabel May, Tiffani Thiessen, Emery Kelly, Jolie Jenkins, Kerri Medders, Finn Carr, Eddie Shin",United States," December 30, 2019",2018,TV-Y7,2 Seasons,"Kids' TV, TV Comedies","Alexa is battling cancer. But with her best friend, Katie, by her side, she's also starting high school – and ready for whatever comes next."
80094603,TV Show,Highway Thru Hell,,"Dave Pettitt, Jamie Davis, Adam Gazzola, Kevin Ritchie",Canada," December 3, 2019",2016,TV-PG,3 Seasons,Reality TV,"On the hazardous highways of Canada's interior, heavy vehicle towing companies experience hardship and triumph rescuing wrecked and stranded trucks."
81029884,TV Show,The Sound of Your Heart: Reboot,,"Sung Hoon, Kwon Yuri, Tae Hang-ho, Joo Jin-mo, Shim Hye-jin, Ji Su-won, Park Cheol-min, Kim Seong-won, Kang Yoon, Seo Eun-ah, Bae Yoon-kyung",South Korea," December 3, 2018",2018,TV-14,2 Seasons,"International TV Shows, Korean TV Shows, TV Comedies","Webtoonist Cho Seok is back with more anecdotes of mix-ups, unintended antics, and bathroom blunders in this reboot starring an all-new cast."
80063989,TV Show,Lost & Found Music Studios,,"Victoria Baldesarra, Sarah Carmosino, Jordan Clark, DeShaun Clarke, Keara Graves, Katrina Hachey, Shane Harte, Ali Milner, Levi Randall, Brittany Raymond, Trevor Tordjman, Michael Torontow, Alex Zaichkowski, Matthew Bacik, Alyssa Baker, Ella Jonas Farlinger, Ian Matthews, Rakim Kelly, Bailey Pelkman, Olivia Solo",Canada," December 3, 2016",2016,TV-G,2 Seasons,"Kids' TV, TV Comedies, TV Dramas","Teen singers-songwriters in an elite music program form bonds of friendship, creativity and romance while turning their passion into their profession."
80036407,TV Show,When Calls the Heart,,"Erin Krakow, Daniel Lissing, Lori Loughlin, Martin Cummins, Chelah Horsdal, Gracyn Shinyei, Jack Wagner, Mitchell Kummen, Loretta Walsh, Erica Carroll, Darius Zaviceanu, Charlotte Hegele, Steve Bacic, Adrian Hough",United States," December 29, 2018",2017,TV-G,5 Seasons,TV Dramas,"Leaving behind her upper-crust city roots, a woman journeys west in the early 1900s to become a teacher in a small Canadian mining community."
70269429,TV Show,Comedy Bang! Bang!,,"Scott Aukerman, Reggie Watts",United States," December 28, 2016",2016,TV-14,5 Seasons,"Stand-Up Comedy & Talk Shows, TV Comedies","Scott Aukerman brings his popular podcast Comedy Bang! Bang! to television, along with his co-host and bandleader, Reggie Watts."
80043576,TV Show,AJIN: Demi-Human,,"Mamoru Miyano, Yoshimasa Hosoya, Jun Fukuyama, Hochu Otsuka, Daisuke Hirakawa, Takahiro Sakurai, Mikako Komatsu, Hiroyuki Kinoshita, Aya Suzaki",Japan," December 27, 2016",2016,TV-MA,2 Seasons,"Anime Series, International TV Shows",A teenager discovers that he is an Ajin and flees before the authorities experiment on him. Other Ajin plan to fight back and he must choose a side.
70157152,TV Show,The West Wing,,"Martin Sheen, Rob Lowe, Allison Janney, John Spencer, Bradley Whitford, Janel Moloney, Richard Schiff, Dulé Hill, NiCole Robinson, Melissa Fitzgerald, Joshua Malina, Stockard Channing, Kim Webster, Kris Murphy, Timothy Davis-Reed",United States," December 25, 2015",2005,TV-14,7 Seasons,TV Dramas,This powerful political epic chronicles the triumphs and travails of White House senior staff under the administration of President Josiah Bartlet.
70296346,TV Show,El señor de los Cielos,,"Rafael Amaya, Ximena Herrera, Robinson Díaz, Raúl Méndez, Gabriel Porras, Carmen Villalobos, Mauricio Ochmann, Fernanda Castillo, Marlene Favela, Carmen Aub, Maritza Rodríguez","United States, Mexico, Colombia"," December 23, 2018",2018,TV-14,6 Seasons,"Crime TV Shows, Spanish-Language TV Shows, TV Action & Adventure",Only Aurelio Casillas can fill Pablo Escobar's shoes and become Mexico's biggest drug trafficker of the '90s.
80990464,TV Show,忍者ハットリくん,,,Japan," December 23, 2018",2012,TV-Y7,2 Seasons,"Anime Series, Kids' TV","Hailing from the mountains of Iga, Kanzo Hattori moves in with elementary school student Kenichi Mitsuba and his family to hone his skills as a ninja."
80025744,TV Show,Sense8,,"Tuppence Middleton, Brian J. Smith, Doona Bae, Max Riemelt, Naveen Andrews, Daryl Hannah, Freema Agyeman, Terrence Mann, Adam Shapiro, Max Mauff, Alfonso Herrera, Eréndira Ibarra, Aml Ameen, Jamie Clayton, Tina Desae, Miguel Ángel Silvestre, Toby Onwumere, Joe Pantoliano",United States," December 23, 2016",2018,TV-MA,2 Seasons,"TV Dramas, TV Mysteries, TV Sci-Fi & Fantasy","From the creators of ""The Matrix"" and ""Babylon 5"" comes this tense series in which eight people can telepathically experience each other's lives."
70157294,TV Show,Private Practice,,"Kate Walsh, Tim Daly, Audra McDonald, Paul Adelstein, Taye Diggs, Amy Brenneman, KaDee Strickland, Chris Lowell, Brian Benben",United States," December 22, 2019",2012,TV-14,6 Seasons,"TV Comedies, TV Dramas","At Oceanside Wellness Center, Dr. Addison Montgomery deals with competing personalities in the new world of holistic medicine."
80125291,TV Show,People Just Do Nothing,,"Allan Mustafa, Hugo Chegwin, Asim Chaudhry, Lily Brazier, Olivia Jasmine Edwards, Dan Sylvester, Steve Stamp, Ruth Bratt, George Keywood, Maria Louis",United Kingdom," December 22, 2018",2018,TV-MA,5 Seasons,"British TV Shows, TV Comedies",Spinning old-school beats is just another day at the office for the naive DJs of a pirate radio station who juggle family life with their passion.
80221272,TV Show,LAST HOPE,,"Tomoaki Maeno, Kana Hanazawa, Kenjiro Tsuda, Nao Toyama, Yuma Uchida, Unsho Ishizuka, Yuuichirou Umehara, Ai Kayano",Japan," December 21, 2018",2018,TV-14,2 Seasons,"Anime Series, International TV Shows","After causing the near extinction of mankind seven years ago, genius scientist Leon Lau must now fight the ecological disaster he unwittingly created."
80040330,TV Show,Fate/stay night: Unlimited Blade Works,,"Noriaki Sugiyama, Kana Ueda, Ayako Kawasumi, Junichi Suwabe, Noriko Shitaya, Mai Kadowaki, Masaki Terasoma, Nobutoshi Canna, Atsuko Tanaka, Shinichiro Miki, Yuu Asakawa, Miki Ito, Hiroshi Kamiya, Jouji Nakata, Tomokazu Seki",Japan," December 20, 2018",2015,TV-MA,2 Seasons,"Anime Series, International TV Shows",High school students Rin and Shiro pair up as allies when they're chosen to compete in a secret tournament for possession of the Holy Grail.
80157752,TV Show,Borderline,,"David Avery, Jackie Clune, David Elms, Liz Kingsman, Jamie Michie",United Kingdom," December 2, 2017",2017,TV-14,2 Seasons,"British TV Shows, TV Comedies",A team of inept border agents tackles immigration issues at the fictional Northend Airport in this improvised mockumentary series.
80128686,TV Show,"Hello, My Twenties!",,"Ye-ri Han, Seung-Yeon Han, Eun-bin Park, Hwa-young Ryu, Hye-soo Park",South Korea," December 18, 2017",2017,TV-14,2 Seasons,"International TV Shows, Korean TV Shows, Romantic TV Shows","With different personalities, life goals and taste in men, five female college students become housemates in a shared residence called Belle Epoque."
80023876,TV Show,Pee-wee's Playhouse,,Paul Reubens,United States," December 18, 2014",1990,TV-PG,5 Seasons,"Classic & Cult TV, Kids' TV, TV Comedies","Pee-wee Herman brings his stage show to the masses with this innovative live-action kids series that invites viewers into his quirky, childlike world."
80092801,TV Show,The Magicians,,"Jason Ralph, Arjun Gupta, Hale Appleman, Stella Maeve, Summer Bishil, Olivia Taylor Dudley, Jade Tailor, Rick Worthy, Mackenzie Astin, Kacey Rohl, Charles Mesure, Keegan Connor Tracy, Trevor Einhorn",United States," December 16, 2019",2018,TV-MA,3 Seasons,"TV Dramas, TV Sci-Fi & Fantasy","When grad student Quentin Coldwater enters a college specializing in magic, he learns that the mythic fantasy world he once read about is very real."
81215567,TV Show,Cocomong,,"Jung Sun-hye, Yang Jeong-hwa, Kim Jang, Ryoo Jeom-hee, Hong Bum-ki, Shin Yong-woo",," December 15, 2019",2015,TV-Y,2 Seasons,"Kids' TV, Korean TV Shows","What's in your fridge? In sunny Refrigerator Land, everyday ingredients transform into animal friends who love a good adventure."
70171947,TV Show,Scooby-Doo!: Mystery Incorporated,,"Frank Welker, Mindy Cohn, Grey DeLisle, Matthew Lillard, Patrick Warburton, Gary Cole, Frances Conroy, Vivica A. Fox",," December 15, 2019",2012,TV-Y7-FV,2 Seasons,Kids' TV,"In this animated update of the cartoon classic, Scooby-Doo, Shaggy and their pals solve spooky mysteries in a hamlet bedeviled by supernatural bedlam."
70308794,TV Show,What's New Scooby-Doo?,,"Frank Welker, Casey Kasem, Mindy Cohn, Grey DeLisle",United States," December 15, 2019",2005,TV-Y7,3 Seasons,"Kids' TV, TV Comedies",Scooby-Doo and the gang enter the 21st century with this updated edition of the original series with more ghoulish mysteries to solve.
80105030,TV Show,Bad Education,,"Jack Whitehall, Mathew Horne, Sarah Solemani, Michelle Gomez, Nikki Runeckles, Kae Alexander, Layton Williams, Ethan Lawrence, Charlie Wernham, Jack Binstead, Jack Bence, Harry Enfield",United Kingdom," December 15, 2018",2014,TV-MA,3 Seasons,"British TV Shows, TV Comedies","A history teacher at the posh Abbey Grove, Alfie Wickers is something truly special: He's his school's, if not England's, single worst educator."
81040405,TV Show,Flowers,,"Olivia Colman, Julian Barratt, Daniel Rigby, Sophia Di Martino, Leila Hoffman, Will Sharpe, Harriet Walter",United Kingdom," December 15, 2018",2018,TV-MA,2 Seasons,"British TV Shows, TV Comedies, TV Dramas","Between a troubled marriage, a senile granny and twin siblings constantly in rivalry, a crumbling household struggles to barely keep it together."
81004164,TV Show,Shtisel,,"Doval'e Glickman, Michael Aloni, Ayelet Zurer, Neta Riskin, Shira Haas, Sarel Piterman, Zohar Shtrauss, Orly Silbersatz Banai, Sasson Gabai, Shlomo Shitrit",Israel," December 15, 2018",2015,TV-PG,2 Seasons,"International TV Shows, TV Dramas","A Haredi family living in an ultra-Orthodox neighborhood of Jerusalem reckons with love, loss and the doldrums of daily life."
80092415,TV Show,Chasing Monsters,,Cyril Chauquet,Canada," December 15, 2017",2016,TV-PG,2 Seasons,"Docuseries, Reality TV, Science & Nature TV",Adventurer Cyril Chauquet seeks out the most colossal and dangerous underwater creatures around the world in this adrenaline-packed series.
80191975,TV Show,Reggie Yates Outside Man,,Reggie Yates,United Kingdom," December 15, 2017",2017,TV-MA,2 Seasons,"British TV Shows, Docuseries, International TV Shows","Award-winning filmmaker Reggie Yates travels around the world tackling big issues such as gun violence, racism, gay rights and addiction."
80216651,TV Show,The Windsors,,"Harry Enfield, Haydn Gwynne, Hugh Skinner, Louise Ford, Richard Goulding, Matthew Cottle, Morgana Robinson, Celeste Dring, Katy Wix, Ellie White",United Kingdom," December 15, 2017",2017,TV-MA,2 Seasons,"British TV Shows, International TV Shows, TV Comedies",The all-too-public trials and tribulations of England's royal family are reimagined as an over-the-top comedic soap opera.
70204995,TV Show,InuYasha,,"Kappei Yamaguchi, Satsuki Yukino, Kumiko Watanabe, Noriko Hidaka, Koji Tsujitani, Houko Kuwashima, Toshiyuki Morikawa, Richard Ian Cox, Moneca Stori, Paul Dobson, Kirby Morrow, Kelly Sheridan, Jillian Michaels",Japan," December 15, 2016",2001,TV-14,2 Seasons,"Anime Series, International TV Shows","Yanked down a well, schoolgirl Kagome Higurashi emerges in feudal Japan, where she must reassemble a sacred jewel while eluding half-demon Inuyasha."
70142436,TV Show,Merlin,James Hawes,"Colin Morgan, Bradley James, Katie McGrath, Angel Coulby, Richard Wilson, Anthony Head, John Hurt, Nathaniel Parker",United Kingdom," December 15, 2016",2012,TV-PG,5 Seasons,"British TV Shows, International TV Shows, TV Action & Adventure","This family-oriented retelling of the King Arthur legend finds Merlin arriving in Camelot, where he hones his magic skills with the help of his uncle."
70196150,TV Show,Hart of Dixie,,"Rachel Bilson, Jaime King, Cress Williams, Wilson Bethel, Scott Porter, Tim Matheson, Kaitlyn Black, Ross Philips",United States," December 15, 2015",2014,TV-PG,4 Seasons,"TV Comedies, TV Dramas",Fast-talking city girl Zoe Hart winds up patching up the locals of a tiny town in the Deep South when she inherits a medical practice in Alabama.
80989891,TV Show,Fit for Fashion,,Louise Roe,," December 14, 2018",2015,TV-14,2 Seasons,"International TV Shows, Reality TV","In this reality series, physique meets fashion as contestants compete in challenges to transform both body and image for the grand prize of $100,000."
80116922,TV Show,Inside the World’s Toughest Prisons,,Paul Connolly,United Kingdom," December 14, 2018",2018,TV-MA,3 Seasons,"British TV Shows, Crime TV Shows, Docuseries","Investigative journalist Paul Connolly becomes a voluntary inmate in the world's most volatile prisons, where intimidation and brutality rule."
80989867,TV Show,The Apartment,,"Jamie Durie, Laurence Llewelyn-Bowen",Singapore," December 14, 2018",2014,TV-PG,2 Seasons,"International TV Shows, Reality TV","With their eyes on the grand prize, amateur designers push their creative limits in this reality competition show hosted by design icon Jamie Durie."
80105699,TV Show,Travelers,,"Eric McCormack, MacKenzie Porter, Nesta Cooper, Jared Paul Abrahamson, Reilly Dolman, Patrick Gilmore","Canada, United States"," December 14, 2018",2018,TV-MA,3 Seasons,"Crime TV Shows, International TV Shows, TV Dramas","A federal agent tracks four people who suddenly seem to possess entirely new personalities, leading to a startling discovery about humanity's future."
80075595,TV Show,Voltron: Legendary Defender,,"Jeremy Shada, Tyler Labine, Bex Taylor-Klaus, Josh Keaton, Steven Yeun, Kimberly Brooks, Rhys Darby, A.J. LoCascio",United States," December 14, 2018",2018,TV-Y7-FV,8 Seasons,Kids' TV,"In an all-new series, five unlikely heroes and their flying robot lions unite to form the megapowerful Voltron and defend the universe from evil."
70302182,TV Show,Halt and Catch Fire,,"Lee Pace, Scoot McNairy, Mackenzie Davis, Kerry Bishé, Toby Huss, Aleksa Palladino, David Wilson Barnes, Morgan Hinkleman, James Cromwell, Manish Dayal, Annabeth Gish",United States," December 14, 2017",2017,TV-14,4 Seasons,TV Dramas,"Re-creating the dawn of the personal computer era, this digital drama tracks the fates of an industry visionary and his brilliant colleagues."
80195522,TV Show,Wanted,,"Rebecca Gibney, Geraldine Hakewill, Stephen Peacocke",Australia," December 13, 2018",2018,TV-14,3 Seasons,"Crime TV Shows, International TV Shows, TV Dramas",Polar-opposite strangers Lola and Chelsea become partners on the run when they witness a murder involving dirty cops and are framed for the crime.
70285581,TV Show,Outlander,,"Caitriona Balfe, Sam Heughan, Tobias Menzies, Gary Lewis, Graham McTavish, Lotte Verbeek, Duncan Lacroix, Laura Donnelly, Bill Paterson, Stephen Walters, Grant O'Rourke, Simon Callow, Richard Rankin, Sophie Skelton, David Berry, Romann Berrux, Ed Speleers, Maria Doyle Kennedy, Tim Downie",United States," December 10, 2019",2016,TV-MA,2 Seasons,"Romantic TV Shows, TV Action & Adventure, TV Dramas",This epic tale adapted from Diana Gabaldon's popular series of fantasy-romance novels focuses on the drama of two time-crossed lovers.
70301578,TV Show,Knights of Sidonia,,"Ryota Osaka, Aya Suzaki, Aki Toyosaki, Takahiro Sakurai, Hisako Kanemoto, Eri Kitamura, Sayaka Ohara, Tomohiro Tsuboi, Takehito Koyasu, Satomi Arai, Atsuko Tanaka, Nanako Mori, Takako Honda, Kohsuke Toriumi, Ayane Sakura, Osamu Saka",Japan," December 1, 2019",2015,TV-MA,2 Seasons,"Anime Series, International TV Shows",A hero rises to save a world that's also a spaceship under siege by an alien threat in this original anime series based on the popular manga comic.
60036794,TV Show,Sonic X,,"Suzanne Goldish, Dan Green, Jason Anthony Griffith, Rebecca Honig, Lisa Ortiz, Amy Palant, Mike Pollock, Jack Quevas",Japan," December 1, 2019",2004,TV-Y7,4 Seasons,"Anime Series, Kids' TV","While battling the evil Dr. Eggman, Sonic gets caught in an explosion that sends him, his pals and his enemy to the unfamiliar planet Earth. With the help of a young boy, Sonic sets out to find the powerful Chaos Emeralds and defeat Dr. Eggman."
81210234,TV Show,Space Jungle,,"Kim Min-hee, Park Yoon-hee, Sun Sung-wook",," December 1, 2019",2016,TV-Y7,2 Seasons,"Kids' TV, Korean TV Shows, TV Comedies","A broken spaceship strands four very tiny aliens on Earth, where they discover an adventure (and strange dangers!) that they never expected."
81224128,TV Show,The Repair Shop,,,United Kingdom," December 1, 2019",2018,PG,2 Seasons,"British TV Shows, Reality TV",Expert artisans restore timeworn family heirlooms with touching sentimental value while also uncovering their uniquely rich histories.
70304246,TV Show,Eastsiders,,"Kit Williamson, Van Hansis, Constance Wu, Matthew McKelligon, John Halbach, Stephen Guarino",United States," December 1, 2019",2018,TV-MA,4 Seasons,"TV Comedies, TV Dramas",Cal turns to his friends for help through a hilariously dark time when he discovers that his partner Thom's been cheating on him.
80074152,TV Show,Sensitive Skin,,"Kim Cattrall, Don McKellar, Nicolas Wright, Joanna Gleason, Colm Feore, Clé Bennett, Bob Martin, Elliott Gould",Canada," December 1, 2019",2016,TV-MA,1 Season,TV Comedies,Davina and Al try to revamp their lives as they struggle with the uncertainties of middle age in this darkly comic adaptation of the British hit.
80227959,TV Show,Great Interior Design Challenge,,"Tom Dyckhoff, Daniel Hopwood, Sophie Robinson",United Kingdom," December 1, 2018",2016,TV-PG,2 Seasons,"British TV Shows, International TV Shows, Reality TV","In this reality series, amateur interior designers on tight budgets test their mettle transforming rooms with speed and style."
80165085,TV Show,The Great British Baking Show: Masterclass,,"Mary Berry, Paul Hollywood",United Kingdom," December 1, 2018",2018,TV-PG,4 Seasons,"British TV Shows, Reality TV",Hosts Mary Berry and Paul Hollywood leave the tent and go into the kitchen to put their professional spin on baking techniques used in the show.
80018987,TV Show,All Hail King Julien,,"Danny Jacobs, Andy Richter, Henry Winkler, Kevin Michael Richardson, India de Beaufort, Jeff Bennett, David Krumholtz, Diedrich Bader, Debra Wilson, Sarah Thyre, Betsy Sodaro",United States," December 1, 2017",2017,TV-Y7-FV,5 Seasons,"Kids' TV, TV Comedies","In this Emmy winner for Outstanding Children's Animated Program, Madagascar booty-shaker King Julien takes on the jungle’s craziest adventures."
80196221,TV Show,Super Wings,,"Luca Padovan, Evan Smolin, Junah Jang, Colin Critchley","United States, South Korea, China"," December 1, 2017",2017,TV-Y,2 Seasons,"Kids' TV, Korean TV Shows",A cheerful jet and his transforming pals strive to find peaceful solutions to their problems while delivering packages to children around the globe.
70302007,TV Show,TURN: Washington's Spies,,"Jamie Bell, Seth Numrich, Daniel Henshall, Heather Lind, Meegan Warner, Kevin McNally, Burn Gorman, Angus Macfadyen, JJ Feild, Samuel Roukin",United States," December 1, 2017",2017,TV-14,4 Seasons,TV Dramas,"Set in 1778, this period drama recounts the story of Abe Woodhull, an American cabbage farmer obliged to begin spying on the British enemy."
80100929,TV Show,Cable Girls,,"Blanca Suárez, Nadia de Santiago, Ana Fernández, Maggie Civantos, Ana Polvorosa, Yon González, Martiño Rivas, Nico Romero, Borja Luna, Sergio Mur, Concha Velasco, Antonio Velázquez, Ernesto Alterio, Ira del Río, Angela Cremonte, Andrea Carballo",Spain," August 9, 2019",2019,TV-MA,4 Seasons,"International TV Shows, Romantic TV Shows, Spanish-Language TV Shows","In 1920s Madrid, four women at the National Telephone Company ring in revolution as they manage romance, friendship and the modern workplace."
80114988,TV Show,GLOW,,"Alison Brie, Betty Gilpin, Marc Maron, Britney Young, Sydelle Noel, Gayle Rankin, Sunita Mani, Kimmy Gatewood, Rebekka Johnson, Jackie Tohn, Ellen Wong, Kate Nash, Britt Baron, Kia Stevens, Chris Lowell, Alex Rich",United States," August 9, 2019",2019,TV-MA,3 Seasons,"TV Comedies, TV Dramas","In 1980s LA, a crew of misfits reinvent themselves as the Gorgeous Ladies of Wrestling. A comedy by the team behind ""Orange Is the New Black."""
80027159,TV Show,IZombie,,"Rose McIver, Malcolm Goodwin, Rahul Kohli, Robert Buckley, David Anders, Aly Michalka",United States," August 9, 2019",2019,TV-14,5 Seasons,"TV Comedies, TV Dramas, TV Horror",A medical student-turned-zombie tries to retain her humanity by eating brains at the morgue and finds she has an uncanny new gift for solving crimes.
70283261,TV Show,The Originals,,"Joseph Morgan, Daniel Gillies, Phoebe Tonkin, Charles Michael Davis, Leah Pipes, Danielle Campbell, Claire Holt, Steven Krueger",United States," August 9, 2018",2018,TV-14,5 Seasons,"TV Dramas, TV Horror, TV Mysteries","The Mikaelsons move to New Orleans and form an alliance with local witches in an effort to rule the city once again in this ""Vampire Diaries"" spinoff."
80027158,TV Show,Jane The Virgin,,"Gina Rodriguez, Andrea Navedo, Yael Grobglas, Justin Baldoni, Ivonne Coll, Brett Dier, Jaime Camil, Anthony Mendez",United States," August 8, 2019",2019,TV-14,5 Seasons,"Romantic TV Shows, TV Comedies, TV Dramas","After vowing to remain chaste until marriage, Jane Villanueva learns she's pregnant due to a medical slip-up and has to rethink her future."
80231658,TV Show,No Good Nick,,"Melissa Joan Hart, Sean Astin, Siena Agudong, Lauren Lindsey Donzis, Kalama Epstein",United States," August 5, 2019",2019,TV-PG,2 Seasons,"Kids' TV, TV Comedies, TV Dramas","A family finds their lives turned upside down when a teenage con artist shows up on their doorstep, claiming she's a distant relative."
70300626,TV Show,Ever After High,,"Jonquil Goode, Karen Strassman, Audu Paden, Julie Maddalena, Marieve Herington, Rena Strober, Evan Smith, Wendee Lee, Haviland Stillwell, Valerie Arem, Cam Clarke, Colleen Foy, Cindy Robinson, Joe Sanfelippo, Jamieson Price, Debi Derryberry, Lindsey Ames, Rajo Zakic, Erin Fitzgerald, Malcolm Danare",Canada," August 5, 2016",2016,TV-Y7,5 Seasons,Kids' TV,The kids of fairy-tale characters attend a school with two cliques: those who accept their fairy-tale destinies and those who want to write their own.
80176929,TV Show,Abnormal Summit,"Jung-ah Im, Seung-uk Jo","Hyun-moo Jun, Si-kyung Sung, Se-yoon Yoo",South Korea," August 4, 2017",2017,TV-PG,2 Seasons,"International TV Shows, Korean TV Shows, Stand-Up Comedy & Talk Shows","Led by a trio of Korean celebs, a multinational panel of men engage in – usually – lighthearted debates on issues that surround Korea and beyond."
80176931,TV Show,Chef & My Fridge,,"Seong-joo Kim​, Jung-hwan Ahn",South Korea," August 4, 2017",2017,TV-PG,2 Seasons,"International TV Shows, Korean TV Shows, Reality TV",The best chefs of Korea go head-to-head to create impromptu dishes that feature ingredients found inside the guest stars' very own refrigerators.
80194367,TV Show,Paranormal Survivor,,,Canada," August 4, 2017",2016,TV-14,2 Seasons,Docuseries,"In interviews and reenactments, ordinary people relive their terrifying encounters with unwelcome guests from beyond the world of the living."
80117552,TV Show,Ozark,,"Jason Bateman, Sofia Hublitz, Laura Linney, Skylar Gaertner, Jason Butler Harner, Esai Morales, Peter Mullan, Lisa Emery",United States," August 31, 2018",2018,TV-MA,2 Seasons,"Crime TV Shows, TV Dramas, TV Thrillers","A financial adviser drags his family from Chicago to the Missouri Ozarks, where he must launder $500 million in five years to appease a drug boss."
80223138,TV Show,The Comedy Lineup,,"Michelle Buteau, Ian Karmel, Taylor Tomlinson, Sam Jay, Phil Wang, Sabrina Jalees, Jak Knight, Tim Dillon",United States," August 31, 2018",2018,TV-MA,2 Seasons,"Stand-Up Comedy & Talk Shows, TV Comedies",A diverse group of up-and-coming comedians perform 15-minute sets in this stand-up comedy showcase series.
80095299,TV Show,Ultimate Beastmaster,,"Tiki Barber, Chris Distefano, Francesco Facchinetti, Bianca Balti, Vidyut Jammwal, Sarah-Jane Dias, BIn Gu, Qinyi Du, Paula Vázquez, Saúl Craviotto, Gilles Marini, Sandy Heribert, Terry Crews, Charissa Thompson, Yuji Kondo, Sayaka Akimoto, Luke Mockridge, Hans Sarpei, Kyung-seok Seo, Kyeong-rim Park, Luis Ernesto Franco, Inés Sainz, Rafinha Bastos, Anderson Silva, Sylvester Stallone","United States, Brazil, South Korea, Mexico, Japan, Germany"," August 31, 2018",2018,TV-14,3 Seasons,Reality TV,"In this intense obstacle course series, elite athletes from the U.S. and other countries compete for cash prizes, individual glory and national pride."
80156006,TV Show,Ultimate Beastmaster México,,"Luis Ernesto Franco, Inés Sainz, Tiki Barber, Chris Distefano, Francesco Facchinetti, Bianca Balti, Vidyut Jammwal, Sarah-Jane Dias, BIn Gu, Qinyi Du, Paula Vázquez, Saúl Craviotto, Gilles Marini, Sandy Heribert, Terry Crews, Charissa Thompson, Yuji Kondo, Sayaka Akimoto, Luke Mockridge, Hans Sarpei, Kyung-seok Seo, Kyeong-rim Park, Rafinha Bastos, Anderson Silva, Sylvester Stallone","United States, Brazil, South Korea, Mexico, Japan, Germany"," August 31, 2018",2018,TV-14,3 Seasons,"Reality TV, Spanish-Language TV Shows",Competitors representing countries from around the world battle it out on a grueling obstacle course. Luis Ernesto Franco and Inés Sainz host.
80211492,TV Show,Mighty Little Bheem,,,," August 30, 2019",2019,TV-Y,2 Seasons,"Kids' TV, TV Comedies",An innocent toddler’s boundless curiosity – and extraordinary might – lead to mischief and adventure in his small Indian town.
80063224,TV Show,The Great British Baking Show,Andy Devonshire,"Mel Giedroyc, Sue Perkins, Mary Berry, Paul Hollywood",United Kingdom," August 30, 2019",2019,TV-PG,7 Seasons,"British TV Shows, Reality TV","A talented batch of amateur bakers face off in a 10-week competition, whipping up their best dishes in the hopes of being named the U.K.'s best."
80063599,TV Show,True and the Rainbow Kingdom,,"Michela Luci, Jamie Watson, Anna Claire Bartlam, Dante Zee, Eric Peterson",Canada," August 30, 2019",2019,TV-Y,3 Seasons,Kids' TV,"When something's wrong in the Rainbow Kingdom, bighearted guardian True and her best friend, Bartleby, are there to grant wishes and save the day."
80171452,TV Show,Dinotrux Supercharged,,"Andrew Francis, Richard Ian Cox, Brian Drummond, Matt Hill, Ashleigh Ball, Paul Dobson",United States," August 3, 2018",2018,TV-Y7-FV,3 Seasons,Kids' TV,"Amped up with powers that make them faster, stronger and more agile than ever, the Dinotrux are back to face new challenges and meet new friends."
80198991,TV Show,Workin' Moms,,"Catherine Reitman, Dani Kind, Juno Rinaldi, Jessalyn Wanlim, Philip Sternberg, Ryan Belleville, Olunike Adeliyi, Dennis Andres, Katherine Barrell, Sarah McVie, Peter Keleghan",Canada," August 29, 2019",2019,TV-MA,3 Seasons,"International TV Shows, TV Comedies","Maternity leave is over and it's time for these four moms to return to work while navigating kids, bosses, love and life in modern-day Toronto."
81029611,TV Show,Droppin' Cash: Los Angeles,,,United States," August 28, 2019",2019,TV-MA,2 Seasons,Reality TV,This Complex series follows the paper trail of musicians and athletes in Los Angeles as they blow through stacks on the finer things in life.
80121349,TV Show,Van Helsing,,"Kelly Overton, Jonathan Scarfe, Christopher Heyerdahl, Paul Johansson, David Cubitt, Tim Guinee",United States," August 28, 2019",2018,TV-MA,3 Seasons,"International TV Shows, TV Action & Adventure, TV Dramas","After three years in a coma, Vanessa awakens to a world ravaged by vampires. Now, she and a motley band of fellow survivors fight to stay alive."
81004322,TV Show,Million Pound Menu,,,United Kingdom," August 27, 2019",2019,TV-MA,2 Seasons,"British TV Shows, International TV Shows, Reality TV",Next-gen restaurateurs get the chance to open their own pop-up eateries to impress the paying public – and a panel of discerning U.K. investors.
80113701,TV Show,The Good Place,,"Kristen Bell, Ted Danson, William Jackson Harper, Jameela Jamil, D'Arcy Carden, Manny Jacinto",United States," August 27, 2019",2018,TV-14,3 Seasons,TV Comedies,"Due to an error, self-absorbed Eleanor Shellstrop arrives at the Good Place after her death. Determined to stay, she tries to become a better person."
80057968,TV Show,Glitter Force,,"Laura Bailey, Kate Higgins, Alex Cazares, Colleen O'Shaughnessey, Danielle Nicole, Debi Derryberry, Mary Elizabeth McGlynn, Patrick Seitz, Keith Silverstein",Japan," August 26, 2016",2016,TV-Y7,2 Seasons,"Anime Series, Kids' TV",Five preteen girls learn they're a legendary superhero squad known as the Glitter Force. Their mission? To defend Earth from evil fairy-tale villains.
80117470,TV Show,13 Reasons Why,,"Dylan Minnette, Katherine Langford, Kate Walsh, Derek Luke, Brian d'Arcy James, Alisha Boe, Christian Navarro, Miles Heizer, Ross Butler, Devin Druid, Michele Selene Ang, Steven Silver, Amy Hargreaves",United States," August 23, 2019",2019,TV-MA,3 Seasons,"Crime TV Shows, TV Dramas, TV Mysteries","After a teenage girl's perplexing suicide, a classmate receives a series of tapes that unravel the mystery of her tragic choice."
80996791,TV Show,13 Reasons Why: Beyond the Reasons,,"Dylan Minnette, Katherine Langford, Kate Walsh, Derek Luke, Alisha Boe, Justin Prentice, Brandon Flynn, Miles Heizer, Christian Navarro, Brian Yorkey, Tom McCarthy, Selena Gomez, Mandy Teefey, Jay Asher, Dr. Rona Hu, Dr. Helen Hsu, Dr. Rebecca Hedrick, Alexis Jones, Elaine Welteroth, Julia Bicknell, Dr. Christine Moutier, Nic Sheff, Carrie Goldberg, Anne Winters, Joy Gorman, Brandon Butler, Marissa Jo Cerar, Susanne Timms",United States," August 23, 2019",2019,TV-MA,3 Seasons,"Crime TV Shows, Docuseries","Cast members, writers, producers and mental health professionals discuss some of the difficult issues and themes explored in ""13 Reasons Why."""
80200027,TV Show,HERO MASK,,"Yasuyuki Kase, Yuhko Kaida, Junpei Morita, Kentaro Takano, Kouki Uchiyama, Yutaka Aoyama, Takayuki Sugo, Yutaka Nakano, Haruka Shibuya, Tomoyuki Shimura, Yuichi Karasuma, Yukiyo Fujii, Fuminori Komatsu, Tomoko Miyadera",," August 23, 2019",2019,TV-14,2 Seasons,"Anime Series, Crime TV Shows, International TV Shows","After a rash of mysterious deaths, Crown prosecutor Sarah Sinclair and SSC agent James Blood discover a conspiracy surrounding uncanny new bio-masks."
80079255,TV Show,Gomorrah,,"Marco D'Amore, Fortunato Cerlino, Salvatore Esposito, Fabio de Caro, Christian Giroso, Giovanni Buselli, Carmine Monaco, Lino Musella, Marco Palvetti, Vincenzo Fabricino, Maria Pia Calzone, Domenico Balsamo, Emanuele Vicorito, Carmine Battaglia, Alessio Gallo","Italy, Germany"," August 21, 2017",2016,TV-MA,2 Seasons,"Crime TV Shows, International TV Shows, TV Dramas","Mafia activity in Naples is at the center of this series, which focuses on internal struggles that follow after the head of a family is imprisoned."
80108159,TV Show,Ask the StoryBots,,"Judy Greer, Erin Fitzgerald, Fred Tatasciore, Jeff Gill, Gregg Spiridellis, Evan Spiridellis",United States," August 2, 2019",2019,TV-Y,3 Seasons,Kids' TV,"Five curious little creatures track down the answers to kids' biggest questions, like how night happens or why we need to brush our teeth."
80095698,TV Show,Dear White People,,"Logan Browning, Brandon P. Bell, DeRon Horton, Antoinette Robertson, John Patrick Amedori, Ashley Blaine Featherson, Marque Richardson, Giancarlo Esposito",United States," August 2, 2019",2019,TV-MA,3 Seasons,"TV Comedies, TV Dramas","Students of color navigate the daily slights and slippery politics of life at an Ivy League college that's not nearly as ""post-racial"" as it thinks."
80238565,TV Show,Derry Girls,,"Saoirse-Monica Jackson, Nicola Coughlan, Louisa Harland, Jamie-Lee O'Donnell, Dylan Llewellyn, Tara Lynne O'Neill, Kathy Kiera Clarke, Tommy Tiernan, Ian McElhinney, Siobhan McSweeney",United Kingdom," August 2, 2019",2019,TV-MA,2 Seasons,"British TV Shows, International TV Shows, TV Comedies","Amidst the political conflict of Northern Ireland in the 1990s, five high school students square off with the universal challenges of being a teenager."
80164216,TV Show,Miraculous: Tales of Ladybug & Cat Noir,Thomas Astruc,"Cristina Vee, Bryce Papenbrook, Keith Silverstein, Mela Lee, Max Mittelman, Carrie Keranen, Stephanie Sheh, André Gordon, Matthew Mercer, Christopher Corey Smith, Philece Sampler, Selah Victor, Marieve Herington, Ben Diskin, Kira Buckland, Erin Fitzgerald, Grant George, Ethan Murray, David Roach, Todd Haberkorn","France, South Korea, Japan"," August 2, 2019",2018,TV-Y7,4 Seasons,"Kids' TV, TV Action & Adventure","When Paris is in peril, Marinette becomes Ladybug. Little does she know, her school crush Adrien is actually Cat Noir, another city-saving superhero."
70140438,TV Show,Skins,,"Kaya Scodelario, Hannah Murray, Jack O'Connell, Kathryn Prescott, Lily Loveless, Nicholas Hoult, Joe Dempsie, Mike Bailey, April Pearson, Will Merrick, Freya Mavor, Laya Lewis, Ollie Barbieri, Dakota Blue Richards, Sean Teale, Larissa Wilson, Dev Patel, Mitch Hewer, Luke Pasqualino, Giles Thomas",United Kingdom," August 2, 2017",2013,TV-MA,7 Seasons,"British TV Shows, International TV Shows, TV Dramas",This incisive series centers on the tense lives of a group of teenagers as the friends and wannabe lovers weather their final two years of school.
70143836,TV Show,Breaking Bad,,"Bryan Cranston, Aaron Paul, Anna Gunn, Dean Norris, Betsy Brandt, R.J. Mitte, Bob Odenkirk, Steven Michael Quezada, Jonathan Banks, Giancarlo Esposito",United States," August 2, 2013",2013,TV-MA,5 Seasons,"Crime TV Shows, TV Dramas, TV Thrillers",A high school chemistry teacher dying of cancer teams with a former student to secure his family's future by manufacturing and selling crystal meth.
80144146,TV Show,The Investigator: A British Crime Story,,"Mark Williams-Thomas, Rick Warden, Frances Millar, Tanya Winsor, Alice Harding",United Kingdom," August 19, 2018",2018,TV-14,2 Seasons,"British TV Shows, Crime TV Shows, Docuseries","This show sheds new light on the decades-old case of Carole Packman, whose husband was convicted of her murder, even though her body was never found."
80049903,TV Show,Dinotrux,,"Andrew Francis, Richard Ian Cox, Ashleigh Ball, Matt Hill, Brian Drummond, Paul Dobson",United States," August 18, 2017",2017,TV-Y7-FV,5 Seasons,Kids' TV,"Half dinosaur, half construction truck, full-on fun! Watch giant Ty Rux, his little buddy Revvit and the crew come face-to-face with evil D-Structs."
80044965,TV Show,Puffin Rock,,"Chris O'Dowd, Kate McCafferty, Sally McDaid, Geraldine Cole, Brian McMonagle, Darragh Gargan",Ireland," August 17, 2016",2016,TV-Y,2 Seasons,Kids' TV,"Life is sweet on beautiful Puffin Rock, where puffling Oona, her baby brother Baba and their pals learn about nature, friendship and family."
80114855,TV Show,MINDHUNTER,,"Jonathan Groff, Holt McCallany, Anna Torv, Cotter Smith, Hannah Gross",United States," August 16, 2019",2019,TV-MA,2 Seasons,"Crime TV Shows, TV Dramas, TV Mysteries",In the late 1970s two FBI agents expand criminal science by delving into the psychology of murder and getting uneasily close to all-too-real monsters.
81003033,TV Show,QB1: Beyond the Lights,,,United States," August 16, 2019",2019,TV-14,3 Seasons,Docuseries,This riveting series follows three star high school quarterbacks as they play their final season before moving on to Division I college football.
70142437,TV Show,Jericho,,"Skeet Ulrich, Lennie James, Ashley Scott, Kenneth Mitchell, Brad Beyer, April Parker-Jones, Alicia Coppola, Pamela Reed, Bob Stephenson, Gerald McRaney, Clare Carey, Richard Speight Jr., Michael Gaston, Erik Knudsen, Shoshannah Stern, Sprague Grayden",United States," August 16, 2017",2008,TV-14,2 Seasons,"Classic & Cult TV, TV Action & Adventure, TV Dramas","Jake returns to his Kansas town to collect an inheritance, but a nuclear blast cuts off the outside world and makes him a reluctant leader amid chaos."
80115328,TV Show,Sacred Games,"Vikramaditya Motwane, Anurag Kashyap","Saif Ali Khan, Nawazuddin Siddiqui, Radhika Apte, Neeraj Kabi, Jitendra Joshi","India, United States"," August 15, 2019",2019,TV-MA,2 Seasons,"Crime TV Shows, International TV Shows, TV Dramas","A link in their pasts leads an honest cop to a fugitive gang boss, whose cryptic warning spurs the officer on a quest to save Mumbai from cataclysm."
80108985,TV Show,Caught on Camera,,Nick Wallis,United Kingdom," August 15, 2016",2015,TV-14,3 Seasons,"British TV Shows, Crime TV Shows, Docuseries","Nick Wallis presents crimes caught on CCTV, cell phones and other devices and reveals how investigators use the recordings to solve tough cases."
70283264,TV Show,The 100,,"Eliza Taylor, Paige Turco, Bob Morley, Marie Avgeropoulos, Christopher Larkin, Henry Ian Cusick, Isaiah Washington, Lindsey Morgan, Devon Bostick, Richard Harmon, Ricky Whittle, Jarod Joseph, Chelsey Reist, Sachin Sahel, Adina Porter",United States," August 14, 2019",2019,TV-14,6 Seasons,"TV Action & Adventure, TV Dramas, TV Sci-Fi & Fantasy","A century after Earth was devastated by a nuclear apocalypse, 100 space station residents are sent to the planet to determine whether it's habitable."
80136456,TV Show,Age of Glory,,"Debbie Goh, Aenie Wong, Frederick Lee, Leslie Chai",," August 14, 2017",2010,TV-PG,2 Seasons,"International TV Shows, Romantic TV Shows, TV Dramas","Amid the thriving nightlife of 1960s Kuala Lumpur, three Chinese friends – a showgirl, her housekeeper and a chanteuse – find love and heartbreak."
80161728,TV Show,Knightfall,,"Tom Cullen, Jim Carter, Pádraic Delaney, Simon Merrells, Julian Ovenden, Olivia Ross, Ed Stoppard, Sabrina Bartlett, Bobby Schofield, Sarah-Sofie Boussnina",United States," August 13, 2019",2019,TV-14,2 Seasons,TV Dramas,"Fifteen years after the Crusades ended in defeat, a veteran knight becomes master of his order's Paris temple and discovers a shocking secret."
80185074,TV Show,Splash and Bubbles,,"John Tartaglia, Leslie Carrara-Rudolph, Raymond Carr, Aymee Garcia",United States," August 13, 2018",2018,TV-Y,2 Seasons,Kids' TV,"Curious pals Splash, Bubbles, Dunk and Ripple have fun exploring new places, making new friends and learning all about their amazing ocean home."
80160755,TV Show,Grand Designs,,Kevin McCloud,United Kingdom," August 1, 2019",2017,TV-14,2 Seasons,"British TV Shows, International TV Shows, Reality TV","Host Kevin McCloud presents people who take self-building houses to a new level, following every step of their ambitious plans from beginning to end."
70171946,TV Show,Heartland,,"Amber Marshall, Michelle Morgan, Graham Wardle, Shaun Johnston, Chris Potter, Jessica Amlee, Kerry James, Nathaniel Arcand",Canada," August 1, 2019",2017,TV-PG,11 Seasons,TV Dramas,Spunky teenager Amy is reeling from the sudden death of her mother when she and her grandfather are threatened with the loss of their horse ranch.
80175802,TV Show,The Sinner,,"Jessica Biel, Bill Pullman, Christopher Abbott, Abby Miller, Dohn Norwood",United States," August 1, 2019",2018,NR,2 Seasons,"Crime TV Shows, TV Dramas, TV Mysteries","When a young mother inexplicably stabs a stranger to death, a sympathetic detective struggles to unlock the mystery buried in her missing memories."
80013249,TV Show,Wentworth,,"Danielle Cormack, Nicole da Silva, Kate Atkinson, Celia Ireland, Shareena Clanton, Aaron Jeffery, Robbie Magasiva, Katrina Milosevic, Jacqueline Brennan, Ra Chapman, Pamela Rabe, Sigrid Thornton, Socratis Otto, Bernard Curry, Tammy MacIntosh, Kate Jenkinson",Australia," August 1, 2019",2019,NR,7 Seasons,"Crime TV Shows, TV Dramas",Bea Smith is locked up while awaiting trial for the alleged attempted murder of her husband and must learn how life works in prison.
70305043,TV Show,Hinterland,,"Richard Harrington, Mali Harries, Hannah Daniel, Alex Harries, Aneirin Hughes, Daniel Rochford",United Kingdom," August 1, 2017",2016,TV-14,3 Seasons,"British TV Shows, Crime TV Shows, International TV Shows","Forsaking London for the rustic landscapes of Wales, a police detective with a troubled soul finds himself in a place with secrets as dark as his own."
70221085,TV Show,Land Girls,,"Becci Gemmell, Susan Cookson, Mark Benton, Mykola Allen, Sophie Ward, Jo Woodcock, Seline Hizli, Liam Boyle, Danny Webb, Nicholas Shaw, Carolyn Pickles, David Schofield, Summer Strallen, Christine Bottomley",United Kingdom," August 1, 2017",2011,TV-PG,3 Seasons,"British TV Shows, International TV Shows, TV Dramas","Follow the lives, loves, highs and lows of four members of the Women's Land Army who are working at the Hoxley Estate during WWII."
70140450,TV Show,The IT Crowd,,"Chris O'Dowd, Richard Ayoade, Katherine Parkinson, Matt Berry",United Kingdom," August 1, 2017",2013,TV-MA,5 Seasons,"British TV Shows, Classic & Cult TV, International TV Shows","Aided by a tech-illiterate manager, a pair of basement-dwelling dweebs makes the most of life in IT at a corporation run by a cloddish new owner."
70250398,TV Show,Vexed,,"Toby Stephens, Miranda Raison, Lucy Punch, Nick Dunning, Rory Kinnear, Ronny Jhutti, Roger Griffiths, Patrick Baladi",United Kingdom," August 1, 2017",2012,TV-MA,2 Seasons,"British TV Shows, Crime TV Shows, International TV Shows",Charming slacker DI Jack Armstrong and driven professional DI Kate Bishop try to solve crimes together without driving each other crazy.
80175275,TV Show,Vroomiz,,"Joon-seok Song, Jeong-hwa Yang, Sang-hyun Um, So-yeong Lee, Jeong-shin Woo, So-yeong Hong, Tae-yeol Jeon",South Korea," August 1, 2017",2016,TV-Y,3 Seasons,"Kids' TV, Korean TV Shows","For these half-car, half-animal friends, each day in Zippy City is a chance to have fun, be creative and use teamwork to solve difficult problems."
80176842,TV Show,Men on a Mission,Jung-ah Im,"Ho-dong Kang, Soo-geun Lee, Sang-min Lee, Young-chul Kim, Jang-hoon Seo, Hee-chul Kim, Kyung-hoon Min",South Korea," April 9, 2019",2019,TV-14,4 Seasons,"International TV Shows, Korean TV Shows, Stand-Up Comedy & Talk Shows","Male celebs play make-believe as high schoolers, welcoming star transfer students every week and engaging in battles of witty humor and slapstick."
80025601,TV Show,The Get Down,,"Justice Smith, Shameik Moore, Herizen Guardiola, Skylan Brooks, Tremaine Brown,  Jr., Yahya Abdul-Mateen II, Jimmy Smits, Giancarlo Esposito, Kevin Corrigan, Stefanee Martin, Shyrley Rodriguez, Eric Bogosian, Michel Gill, Mamoudou Athie",United States," April 7, 2017",2017,TV-MA,2 Seasons,TV Dramas,"In 1977 New York City, the talented and soulful youth of the South Bronx chase dreams and breakneck beats to transform music history."
80003196,TV Show,Wakfu,,"Fanny Bloc, Jules De Jongh, Patrick Béthune, Hugo Chandor, Thierry Mercier, Matthew Géczy, Benjamin Pascal, Arthur Bostrom, Geneviève Doang, Adeline Chetail, Jessica Bell, Thomas Guitard, Ross Grant, Gérard Surugue, Kier Stewart, Benoît Allemane, Bruno Magne",France," April 6, 2018",2017,TV-Y7-FV,3 Seasons,Kids' TV,"Yugo, a 12-year-old Eliatrope with special powers, sets out on a mission to find his true family and uncover the mysteries of Wakfu."
80223989,TV Show,Chilling Adventures of Sabrina,,"Kiernan Shipka, Ross Lynch, Miranda Otto, Lucy Davis, Chance Perdomo, Michelle Gomez, Richard Coyle, Jaz Sinclair, Lachlan Watson, Tati Gabrielle, Adeline Rudolph, Abigail Cowen, Gavin Leatherwood, Bronson Pinchot",United States," April 5, 2019",2019,TV-14,2 Seasons,"TV Horror, TV Mysteries, TV Sci-Fi & Fantasy","Magic and mischief collide as half-human, half-witch Sabrina navigates between two worlds: mortal teen life and her family's legacy, the Church of Night."
70258489,TV Show,Derek,,"Ricky Gervais, Kerry Godliman, Karl Pilkington, David Earl, Kay Noone, Tim Barlow, Arthur Nightingale, Sheila Collings, Margaret Towner, Barry Martin, Prem Modgil, Blanche Williams, Ninette Finch, Brett Goldstein, Ruth Bratt, Holli Dempsey",United Kingdom," April 5, 2019",2015,TV-14,3 Seasons,"British TV Shows, International TV Shows, TV Comedies",Ricky Gervais created and stars in this heartwarming comedy-drama series as a loyal English nursing home caretaker who sees only the good in everyone.
80161628,TV Show,Imposters,,"Inbar Lavi, Rob Heaps, Parker Young, Marianne Rendón, Stephen Bishop, Brian Benben, Katherine La Nasa",United States," April 5, 2019",2017,TV-14,2 Seasons,"Crime TV Shows, International TV Shows, TV Comedies","Supported by a team of fellow thieves, a con artist lures her targets into matrimony and then absconds with their fortunes in this darkly comic series."
80096545,TV Show,Roman Empire: Reign of Blood,,"Sean Bean, Aaron Jakubenko, Edwin Wright, Mike Edward, Genevieve Aitken, John Bach, Tai Berdinner-Blades, Jared Turner, Andrew Foster, Calum Gittins, Shane Bartle, Ella Becroft, Lisa Chappell, Emma Fenton, Phil Brown, Carl Bland, Adam Gardiner","Canada, United States"," April 5, 2019",2019,TV-MA,3 Seasons,Docuseries,"This stylish mix of documentary and historical epic chronicles the reign of Commodus, the emperor whose rule marked the beginning of Rome's fall."
80115432,TV Show,Spirit: Riding Free,,"Amber Frank, Sydney Park, Bailey Gambertoglio, Darcy Rose Byrnes, Nolan North, Kari Wahlgren, Andy Pessoa, Tiya Sircar, Jonathan Craig WIlliams, Robert Knepper",United States," April 5, 2019",2019,TV-Y7,8 Seasons,Kids' TV,"In a small Western town, spunky ex-city girl Lucky forms a tight bond with wild horse Spirit while having adventures with best pals Pru and Abigail."
80130911,TV Show,Chewing Gum,,"Michaela Coel, John Macmillan, Robert Lonsdale, Danielle Walters, Kadiff Kirwan, Susan Wokoma, Shola Adewusi, Sarah Hoare, Abby Rakic-Platt, Maggie Steed, Olisa Odele",United Kingdom," April 4, 2017",2017,TV-MA,2 Seasons,"British TV Shows, International TV Shows, Romantic TV Shows","The virginal Tracey, who was raised in a strictly religious Tower Hamlets flat, is ready to realize her potential. And the first step is having sex."
80204451,TV Show,BAKI,,"Nobunaga Shimazaki, Takayuki Sugo, Bin Shimada, Rikiya Koyama, Takuya Eguchi, Banjo Ginga, Takehito Koyasu, Kenjiro Tsuda, Chafurin, Issei Futamata, Mugihito, Yoshihisa Kawahara, Sora Amamiya, Toru Furuya",Japan," April 30, 2019",2018,TV-MA,2 Seasons,"Anime Series, International TV Shows","While martial arts champion Baki Hanma trains hard to surpass his legendary father, five violent death row inmates descend upon Tokyo to take him on."
80199128,TV Show,Kim's Convenience,,"Paul Sun-Hyung Lee, Jean Yoon, Andrea Bang, Simu Liu, Andrew Phung, Nicole Power",Canada," April 3, 2019",2019,TV-14,3 Seasons,TV Comedies,"While running a convenience store in Toronto, members of a Korean-Canadian family deal with customers, each other and the evolving world around them."
80049277,TV Show,Ash vs. Evil Dead,,"Bruce Campbell, Lucy Lawless, Ray Santiago, Dana DeLorenzo, Jill Marie Jones",United States," April 29, 2019",2018,TV-MA,3 Seasons,"TV Action & Adventure, TV Comedies, TV Horror","Thirty years later, Ash Williams – demon hunter par excellence – is back to battle a new Deadite plague. He may have lost a hand, but not his touch."
80046347,TV Show,Señora Acero,,"Blanca Soto, Litzy, Damián Alcázar, Marco Pérez, Jorge Zárate, Rossana San Juan, Andrés Palacios, Rebecca Jones, Lincoln Palomeque","Mexico, United States"," April 28, 2019",2018,TV-14,5 Seasons,"Crime TV Shows, International TV Shows, Spanish-Language TV Shows","When her drug-trafficking husband dies, an unassuming woman stakes her own claim in the business in order to care for her gravely ill son."
80136790,TV Show,Goodnight DJ 1,,"Chan Fong, Z-Chen, Frederick Lee, Melvin Sia, Chris Tong, Rickman Chia, Henley Hii",," April 27, 2018",2016,TV-14,2 Seasons,"International TV Shows, TV Dramas, TV Horror","Young radio announcers from varying backgrounds encounter the supernatural in mysterious dreams, accidents and everyday life."
80127464,TV Show,Mar de Plástico,,"Rodolfo Sancho, Belén López, Pedro Casablanc, Luis Fernández, Patrick Criado, Nya de la Rubia, Jesús Castro, Fernando Cayo",Spain," April 27, 2017",2017,TV-MA,2 Seasons,"Crime TV Shows, International TV Shows, Spanish-Language TV Shows","In a town in southern Spain where racial tensions run high among the workers in its many greenhouses, a cop investigates the murder of a young woman."
80987209,TV Show,"Rica, Famosa, Latina",,,United States," April 26, 2019",2016,TV-14,4 Seasons,"International TV Shows, Reality TV, Spanish-Language TV Shows","This reality series follows the lives of a group of wealthy, successful Latina women in Los Angeles."
80189829,TV Show,The Protector,,"Çağatay Ulusoy, Ayça Ayşin Turan, Hazar Ergüçlü, Okan Yalabık, Mehmet Kurtuluş, Yurdaer Okur",Turkey," April 26, 2019",2019,TV-MA,2 Seasons,"International TV Shows, Romantic TV Shows, TV Action & Adventure","Discovering his ties to a secret ancient order, a young man living in modern Istanbul embarks on a quest to save the city from an immortal enemy."
80244228,TV Show,Beauty and the Bitches,,"Methinee Kingpayome, Son Songpaisarn, Yingying Sarucha, Pim Pimjira Jaroenlak, Jespipat Tilapornputt, Groupz Chutharut Anusin, Aon Korakot Tunkaew, Raviyanun Takerd, Nat Thephussadin Na Ayutthaya, Bam Pakakanya Charoenyos, Eye Warapairin Laphatsanitirot, Pemy Peramin Thabkaew, Darin Hansen, Hongyok Pornphan Rerkatakarn, Rattanapond Klinkulabhiran, Oliver Pupart, Organ Wacharapolmek, Patiparn Pataweekarn, Yuthana Puengklarng, Ak Akarat, Point Cholawit Meetongcom, Copter Phumin, Koii Korakod, Mila Thanapa, Mild Anis Suwit",," April 23, 2019",2016,TV-14,2 Seasons,"International TV Shows, Romantic TV Shows, TV Comedies",Beauty pageant contestants from all over Thailand fight for the crown as they contend with drama and intrigue behind the scenes.
80018869,TV Show,Liv and Maddie,,"Dove Cameron, Joey Bragg, Tenzing Norgay Trainor, Kali Rocha, Benjamin King",United States," April 23, 2017",2017,TV-G,4 Seasons,"Kids' TV, TV Comedies","After four years in Hollywood as a television star, Liv returns to Wisconsin to discover that either she – or her family – has changed."
80050007,TV Show,The Mr. Peabody and Sherman Show,,"Chris Parnell, Max Charles, Dieter Jansen, Da'Vine Joy Randolph",United States," April 21, 2017",2017,TV-Y7,4 Seasons,"Kids' TV, TV Comedies","Mr. Peabody and Sherman host a zany late-night comedy show from a swanky penthouse, with time-traveling historical figures and a live audience."
80116626,TV Show,The Cravings,,"Park Hee-bon, Phillip Choi, Hong Wan-pyo, Choi Bae-yeong, Hyuk-kwon Park, Yang Hyeon-min",South Korea," April 20, 2017",2016,TV-14,2 Seasons,"International TV Shows, Korean TV Shows, TV Comedies","Thirtysomething career woman Jae-yeong attempts to juggle her job and personal relationships, all the while never failing to eat well."
70158329,TV Show,Star Trek: The Next Generation,,"Patrick Stewart, Jonathan Frakes, LeVar Burton, Michael Dorn, Marina Sirtis, Brent Spiner, Gates McFadden, Majel Barrett, Wil Wheaton",United States," April 2, 2018",1993,TV-PG,7 Seasons,"TV Action & Adventure, TV Sci-Fi & Fantasy","Decades after the adventures of the original Enterprise crew, Capt. Jean-Luc Picard leads a new Enterprise on missions to explore unknown worlds."
80091341,TV Show,Cuckoo,,"Andy Samberg, Taylor Lautner, Greg Davies, Helen Baxendale, Tamla Kari, Tyger Drew-Honey, Esther Smith",United Kingdom," April 19, 2019",2019,TV-14,5 Seasons,"British TV Shows, International TV Shows, TV Comedies","Rachel shocks her proper British parents when she marries an American hippie, but it's just the first in a series of surprises for the family."
80036747,TV Show,Pororo - The Little Penguin,,,South Korea," April 19, 2019",2013,TV-Y,2 Seasons,"Kids' TV, Korean TV Shows","On a tiny island, Pororo the penguin has fun adventures with his friends Eddy the fox, Loopy the beaver, Poby the polar bear and Crong the dinosaur."
80173174,TV Show,Samantha!,,"Emmanuelle Araújo, Douglas Silva, Sabrina Nonata, Cauã Gonçalves, Daniel Furlan, Alice Braga, Alessandra Negrini, Lorena Comparato, Rodrigo Pandolfo, Luciana Vendramini, Maria Eduarda, Sidney Alexandre, Enzo Ovideo, Mauricio Xavier, Paulo Tiefenthaler, Ary França",Brazil," April 19, 2019",2019,TV-MA,2 Seasons,"International TV Shows, TV Comedies","A child star in the '80s, Samantha clings to the fringes of celebrity with hilarious harebrained schemes to launch herself back into the spotlight."
80190407,TV Show,Murderous Affairs,,,United States," April 17, 2018",2017,TV-14,3 Seasons,"Crime TV Shows, Docuseries","Mixing interviews with dramatic re-enactments, this series focuses on lethal love affairs and spouses driven to murder."
70227189,TV Show,Lost Girl,,"Anna Silk, Kris Holden-Ried, Ksenia Solo, Richard Howland, Zoie Palmer, K.C. Collins",Canada," April 17, 2016",2015,TV-14,5 Seasons,"TV Dramas, TV Horror, TV Mysteries","Discovering she's a succubus who sustains herself by feeding on the sexual energy of humans, seductive Bo sets out on a journey to understand herself."
70264078,TV Show,Mr. Young,,"Brendan Meyer, Matreya Fedor, Gig Morton, Kurt Ostlund, Emily Tennant, Milo Shandel",Canada," April 16, 2019",2013,TV-G,2 Seasons,"Kids' TV, TV Comedies","After Adam graduates from college at age 14, he heads back to high school to teach science, where his crush and his best friends are his students!"
80239700,TV Show,Psiconautas,,"Guillermo Toledo, Gabriel Goity, Florencia Peña, Julieta Zylberberg, Martín Piroyansky, Luis Ziembrowski, Verónica Llinás, Emilio Disi",Argentina," April 15, 2018",2016,TV-MA,2 Seasons,"International TV Shows, Spanish-Language TV Shows, TV Comedies",A Spanish con man masquerades as a therapist and starts leading group sessions in Argentina for a crew of gullible misfits.
80231523,TV Show,The Minimighty Kids,,,France," April 15, 2018",2012,TV-G,2 Seasons,"Kids' TV, TV Comedies","Some have big feet or a sniffly nose, others are clumsy or too sweaty – but these kids soon discover their mini problems can become superpowers."
80126877,TV Show,Filinta,,"Onur Tuna, Serhat Tutumluer, Mehmet Özgür, Naz Elmas, Kayra Şenocak, Kamil Güler, Ceyhun Ergin, Burcu Çoban, Umut Kırcalı, Sencer Serta",Turkey," April 15, 2017",2015,TV-14,2 Seasons,"Crime TV Shows, International TV Shows, TV Action & Adventure","In 19th-century Istanbul, a young police officer investigates crimes and falls in love with the daughter of a wealthy merchant conspiring against him."
80126599,TV Show,Leyla and Mecnun,Onur Ünlü,"Ali Atay, Melis Birkan, Serkan Keskin, Ahmet Mümtaz Taylan, Cengiz Bozkurt, Osman Sonant, Köksal Engür, Ege Tanman, İştar Gökseven",Turkey," April 15, 2017",2014,TV-PG,3 Seasons,"International TV Shows, Romantic TV Shows, TV Comedies","Destiny brings Mecnun and Leyla together as newborns, and again years later. Despite unexpected turns in Mecnun's zany life, Leyla remains a constant."
80049872,TV Show,Chelsea,,,United States," April 14, 2017",2017,TV-MA,2 Seasons,"Stand-Up Comedy & Talk Shows, TV Comedies","It's not her first talk show, but it is a first of its kind. Ideas, people and places that fascinate her, all in her unique style."
80066227,TV Show,Crazy Ex-Girlfriend,,"Rachel Bloom, Vincent Rodriguez III, Santino Fontana, Donna Lynne Champlin, Pete Gardner, Vella Lovell, Gabrielle Ruiz, Scott Michael Foster",United States," April 13, 2019",2019,TV-14,4 Seasons,"Romantic TV Shows, TV Comedies","Still pining for Josh, the boy who dumped her ages ago, whip-smart lawyer Rebecca jettisons her New York life and moves to California to win him back."
80108373,TV Show,The Magic School Bus Rides Again,,"Kate McKinnon, Miles Koseleci-Vieira, Mikaela Blake, Gabby Clarke, Leke Maceda-Rustecki, Matthew Mintz, Lynsey Pham, Birva Pandya, Kaden Stephen, Lily Tomlin",United States," April 13, 2018",2018,TV-Y,2 Seasons,Kids' TV,"Ms. Frizzle's kid sister Fiona takes the wheel at Walkerville Elementary, leading the class on wild adventures packed with science-fueled fun."
70196145,TV Show,New Girl,,"Zooey Deschanel, Jake Johnson, Max Greenfield, Hannah Simone, Lamorne Morris, Damon Wayans Jr.",United States," April 11, 2019",2017,TV-14,7 Seasons,"Romantic TV Shows, TV Comedies","Still rebounding from a breakup, Jessica Day moves in with three single guys, all of whom are ready to help her understand the ways of the world."
80162994,TV Show,Talking Tom and Friends,,"Colin Hanks, Tom Kenny, James Adomian, Lisa Schwartz, Maria Bamford","Cyprus, Austria, Thailand"," April 10, 2019",2017,TV-G,2 Seasons,"Kids' TV, TV Comedies","Full of funny one-liners and always ready for an adventure, a talking cat and his equally chatty animal cohorts set out to become famous."
80186475,TV Show,Pokémon the Series,,"Sarah Natochenny, Laurie Hymes, Jessica Paquet, Rosie Reyes, Alyson Leigh Rosenfeld, Marc Swint, Rodger Parsons",Japan," April 1, 2019",2019,TV-Y7-FV,2 Seasons,"Anime Series, Kids' TV","Ash and his Pikachu travel to the Alola region with his mother and enroll in the Pokémon school, where they confront the nefarious Team Skull."
70272742,TV Show,Justin Time,,"Gage Munroe, Scott McCord, Jenna Warren",Canada," April 1, 2016",2012,TV-Y,2 Seasons,Kids' TV,"In Justin's dreams, he and his imaginary friends Olive and Squidgy travel around the world learning about nature and other cultures."
80067942,TV Show,Terrace House: Boys & Girls in the City,,"You, Reina Triendl, Ryota Yamasato, Yoshimi Tokui, Azusa Babazono, Ayumu Mochizuki, Kentaro",Japan," April 1, 2016",2016,TV-14,2 Seasons,"International TV Shows, Reality TV","A new set of six men and women start their lives together under one roof. All they get is a fabulous home and a car. As always, there is no script."
70136122,TV Show,Weeds,,"Mary-Louise Parker, Hunter Parrish, Alexander Gould, Kevin Nealon, Justin Kirk, Elizabeth Perkins, Allie Grant, Andy Milder, Tonye Patano, Romany Malco",United States," April 1, 2014",2012,TV-MA,8 Seasons,"TV Comedies, TV Dramas",A suburban mother starts selling marijuana to her affluent neighbors so she can maintain her comfortable lifestyle after her husband's sudden death.
70204989,TV Show,Gunslinger Girl,,"Yuuka Nanri, Kanako Mitsuhashi, Eri Sendai, Ami Koshimizu, Hidenobu Kiuchi, Mitsuru Miyamoto, Masashi Ebara, Norihiro Inoue, Rie Nakagawa, Masami Iwasaki, Laura Bailey, Luci Christian, Caitlin Glass, Alese Johnson, Monica Rial, Jerry Jewell, Stephanie Young, Mike McFarland",Japan,,2008,TV-14,2 Seasons,"Anime Series, Crime TV Shows","On the surface, the Social Welfare Agency appears to help orphaned schoolgirls, but it's actually turning them into lethal agents."
70304979,TV Show,Anthony Bourdain: Parts Unknown,,Anthony Bourdain,United States,,2018,TV-PG,5 Seasons,Docuseries,This CNN original series has chef Anthony Bourdain traveling to extraordinary locations around the globe to sample a variety of local cuisines.
70153412,TV Show,Frasier,,"Kelsey Grammer, Jane Leeves, David Hyde Pierce, Peri Gilpin, John Mahoney, Dan Butler",United States,,2003,TV-PG,11 Seasons,"Classic & Cult TV, TV Comedies",Frasier Crane is a snooty but lovable Seattle psychiatrist who dispenses advice on his call-in radio show while ignoring it in his own relationships.
70243132,TV Show,La Familia P. Luche,,"Eugenio Derbez, Consuelo Duval, Luis Manuel Ávila, Regina Blandón, Miguel Perez, Barbara Torres, Dalilah Polanco, Pierre Angelo",United States,,2012,TV-14,3 Seasons,"International TV Shows, Spanish-Language TV Shows, TV Comedies","This irreverent sitcom featues Ludovico, Federica and their three children Bibi, Junior and Ludoviquito, living in Ciudad P. Luche."
80005756,TV Show,The Adventures of Figaro Pho,,"Luke Jurevicius, Craig Behenna, Charlotte Hamlyn, Stavroula Mountzouris, Aletheia Burney",Australia,,2015,TV-Y7,2 Seasons,"Kids' TV, TV Comedies","Imagine your worst fears, then multiply them: Figaro is a boy with any number of phobias and a highly quirky and imaginative way of dealing with them."
80159925,TV Show,Kikoriki,,Igor Dmitriev,,,2010,TV-Y,2 Seasons,Kids' TV,"A wacky rabbit and his gang of animal pals have fun solving problems, sharing stories and exploring their sometimes magical, always special world."
80000063,TV Show,Red vs. Blue,,"Burnie Burns, Jason Saldaña, Gustavo Sorola, Geoff Lazer Ramsey, Joel Heyman, Matt Hullum, Dan Godwin, Kathleen Zuelch, Yomary Cruz, Nathan Zellner",United States,,2015,NR,13 Seasons,"TV Action & Adventure, TV Comedies, TV Sci-Fi & Fantasy","This parody of first-person shooter games, military life and science-fiction films centers on a civil war fought in the middle of a desolate canyon."
70286564,TV Show,Maron,,"Marc Maron, Judd Hirsch, Josh Brener, Nora Zehetner, Andy Kindler",United States,,2016,TV-MA,4 Seasons,TV Comedies,"Marc Maron stars as Marc Maron, who interviews fellow comedians for his popular podcast, only to reveal more about his own neuroses and relationships."
80116008,Movie,Little Baby Bum: Nursery Rhyme Friends,,,,,2016,,60 min,Movies,"Nursery rhymes and original music for children accompanied by bright, playful animation engage and educate about numbers, shapes, colors and more."
70281022,TV Show,A Young Doctor's Notebook and Other Stories,,"Daniel Radcliffe, Jon Hamm, Adam Godley, Christopher Godwin, Rosie Cavaliero, Vicki Pepperdine, Margaret Clunie, Tim Steed, Shaun Pye",United Kingdom,,2013,TV-MA,2 Seasons,"British TV Shows, TV Comedies, TV Dramas","Set during the Russian Revolution, this comic miniseries is based on a doctor's memories of his early career working in an out-of-the-way village."
70153404,TV Show,Friends,,"Jennifer Aniston, Courteney Cox, Lisa Kudrow, Matt LeBlanc, Matthew Perry, David Schwimmer",United States,,2003,TV-14,10 Seasons,"Classic & Cult TV, TV Comedies","This hit sitcom follows the merry misadventures of six 20-something pals as they navigate the pitfalls of work, life and love in 1990s Manhattan."